index,delete,id,isclosed,rating,reviewcount,y_price,wrong,notes,correct_url
0,,PwrYnl3j3YCGzILX_5UHpw,FALSE,4,47,$$,,,
1,,kDqW1eeZEDTitXerwzwCzw,FALSE,4,34,$$,,,https://www.yelp.com/biz/lahi-elmhurst
2,,h37t9rA06Sr4EetJjKrfzw,FALSE,4.5,126,$$$,,,
3,y,,,,,,y,australia,
4,,chdmH_y3YReZgIlNzj8djQ,FALSE,3.5,55,$$,,,
5,,D6ZEcG1FCZ18nekMWrhgMg,FALSE,4,60,$$$,,,
6,,OMu9_FqiziCCHD-SsMBUrQ,FALSE,4,118,$$,,,
7,,B2EVXQCqfzludPiWWuZ8ag,FALSE,4,57,$$,,,
8,,PPQSf_1JWkbjFHi1S0nSNA,FALSE,4.5,68,$$,,,
9,,q-QEwZi32JCnjb7zbY-PQw,FALSE,4,53,$$$,,,
10,,rv1BzvAMwSQkHRh6YJj9oA,FALSE,4,22,$$,,,
11,,GBJOu9Rk4JqqWjB8ddYudw,FALSE,3,49,$$,,,
12,y,raTzCe-LoOp7_2TZpAWZbQ,FALSE,5,29,,y,australia,
13,n,s0eEllkQhTezPpIWZsQGxg,FALSE,4.5,75,$,y,link already fixed,
14,,rBUTVjRs5CcEMe3dfVRZJQ,FALSE,4.5,101,$$,,,
15,y,1A10xZxpkxqCWgxq0nhVSQ,TRUE,4.5,13,$$,y,australia,
16,,FXgSgiLg6xgOO8zrG51mzg,FALSE,4,66,$$,,,
17,y,,,,,,y,australia,
18,,U2EvUcS9KtXDv_Yw3cugiw,FALSE,4.5,61,$$,,,
19,,5DubGsDTQYkdNf4nEYsfag,FALSE,4.5,18,$$,,,
20,y,,FALSE,4.5,1702,$$,y,australia,
21,y,,,,,,y,,
22,,XI8c4klXYX0b3MV8n8Kteg,FALSE,4.5,23,$,,,
23,,NZb6ILmE0p4gQ5harzrAvA,FALSE,3,392,$$$$,,,
24,y,,,,,,y,australia,
25,,JUGgD5WXc8eU5MoBKrfSGA,FALSE,4.5,61,$$$$,,,
26,,YAOG0dK0r9T-E1CrZ7QxYg,FALSE,4.5,75,$$,,,
27,,hQk1KtjFpixNv4UWyi0VAQ,FALSE,3.5,52,$$,,,
28,y,ga6sRtE0l85iftw_5-W84Q,FALSE,4,3716,$$,y,australia,
29,,X5sTOOvtKgZHd5F6-Usr6g,FALSE,5,8,,,,
30,,qH8PVeddtVs9cKN2pwgdkQ,FALSE,4,107,$$$,,,
31,,JCewNUA2d-CHcVwz8ZbqlA,FALSE,4.5,94,$,,,
32,n,7NInwhLvL6pghm_wod2FCw,FALSE,3.5,112,$$$$,y,,https://www.yelp.com/biz/the-aviary-nyc-new-york
33,y,TYKqS9eoC4xiixTNP_xsMQ,FALSE,3.5,960,$$$$,y,australia,
34,,tnulM-L3I11zaS8F0XxHQg,FALSE,4.5,23,$$,,,
35,,,FALSE,4,45,$$$$,,,
36,,7kgvqVnlsigUNuDWQaEggg,FALSE,3.5,61,$,,,
37,,CGah1h1clhuptjHaecu6xw,FALSE,4,100,$$,,,
38,,ugj4h67GK9hcvKgEIy5Tew,FALSE,3.5,95,$$,,,
39,,gUpIzy5Sj3br68sQDF9U3Q,FALSE,4,53,$$,,,
40,y,,,,,,y,australia,
41,,C7P5fqIdMKs85GiFNSVnpg,FALSE,4.5,50,$,,,
42,,22oLtXuFsvbJnMlqtuC0fA,FALSE,4.5,12,,,,
43,,ywAq9nvr9jX1S7-_HjA5ng,FALSE,4.5,85,$$,,,
44,,2V4seSDHMuqpkE0TxBqGXQ,FALSE,4.5,8,,,,
45,,4PeBRQZgHMW80J5YIaT39A,FALSE,4,90,$$,,,
46,y,,,,,,y,"NEW NORFOLK, Tasmania",
47,,tV2IY8q92bOEwVC4McgPjw,FALSE,4,235,$$$,,,
48,,7CdpBlw4NLaOLzfFL9IEUg,FALSE,3.5,67,$$,,,
49,y,,,,,,y,australia,
50,,xtxcAUvrD4dWHJd0cwvW1A,FALSE,4,145,$$,,,
51,,OR9oqAJW-U5ZnqhwH12Nuw,FALSE,4,32,$,,,
52,,e64Y17DJgjotSz8B9gEI7Q,FALSE,4.5,165,$$,,,
53,,seGYMEYsw6F_H33Md1E1dA,FALSE,4,599,$$,,,
54,y,,,,,,y,new south wales,
55,,8TfhQaCxux6Eq8SK8iqyoQ,FALSE,5,35,$$,,,
56,,28CNHYULci66pJAz-0_pOg,FALSE,4,390,$$$,,,
57,n,VA5axRu3No9IvHVu86zAvQ,TRUE,4.5,60,$$,y,going to delete,
58,,iIcUpEOjMLuzAIfyY_vgYA,FALSE,3.5,477,$$,,,
59,,8tcFpd0dcmfzbLgbTO4tdw,FALSE,4,135,$$$,,,
60,,bOMXop8H92zupzxlVulfoA,FALSE,4,8,$,,,
61,,1Ed-tb_0dBGrXfsYyehmvg,FALSE,4,2243,$$$,,,
62,y,j0n_poMVZnODYOFviLbh0Q,FALSE,4.5,1418,$,y,australia,
63,,GVaTZnN7a-DkrK57l7BbGw,FALSE,4,48,$,,,
64,,Myp2rEB3yEcdaZIRe0S3Ww,TRUE,3.5,133,$$,,,
65,,u3YHSsqkj-7Z1moxVWZCsg,FALSE,3.5,46,$$$$,,,
66,,2tTUnW5filzR3YG-G7rZ0w,FALSE,5,45,$$,,,
67,,N81_5xlY7dpEqrygi8lVOA,FALSE,3.5,124,$$$,,,
68,,SyEi1P5FKCBiAIZ14RggmA,FALSE,4.5,83,$$,,,
69,y,eybrq-0U5suwVtjWJPCaqw,FALSE,3.5,340,$$,y,"providence, ri",
70,,UtaQOLAlY3HbBVa5OYvh8A,FALSE,3.5,320,$$,,,
71,n,fXbktwTnRNpx5GtHVhNkKw,FALSE,4,23,$,y,link already fixed,
72,n,IQhtCTvorekeqbJr4Zf0Lg,FALSE,4.5,25,$$$,y,link already fixed,
73,n,rkeH5HJIuX7ZcOaYNum9xA,FALSE,3.5,151,$$,y,,https://www.yelp.com/biz/wus-wonton-king-new-york
74,,4LV-7hGnfimAhoAuYhgvEg,FALSE,3.5,980,$$$,,,
75,,IBmZcsqsk8mVmQPY8zKqgw,FALSE,4,29,$$,,,
76,,FogLdooqSzKbmkwMGSwDiQ,FALSE,4,631,$$,,,
77,,-4pMakL1204UWQMZho5-Lw,FALSE,4.5,58,$,,,
78,,Scs2L-4imyt_lorJ6biFKA,FALSE,4.5,75,$,,,
79,n,hXqrA_Z3jZ8Q1O6ZehWSwQ,FALSE,4.5,187,$$,y,,https://www.yelp.com/biz/samis-kabab-house-astoria
80,,CAXzWJyV2UzYMAImM_YkWA,FALSE,4,107,$$$$,,,
81,,PWFK0nvJ23Xkk_B4C5Q4Aw,FALSE,4.5,53,$,,,
82,,nHU9WZRVASyqguAIqLXK8w,FALSE,4,197,$$,,,
83,,Xa91UwBtZaUPpTygSm3qSw,FALSE,4,167,$$$,,,
84,,FMwu9h0KUl3mFDuE-WDbcw,FALSE,4,132,$$,,,
85,,SZQqAil4kuXhNCLR7_6khg,FALSE,4,144,$$,,,https://www.yelp.com/biz/playground-bar-and-bistro-and-taitoon-thai-karaoke-jackson-heights
86,,FkA9aoMhWO4XKFMTuTnl4Q,FALSE,3.5,170,$$,,,
87,,cLxp5gIPWIhmvpmdPo7BsA,FALSE,4.5,182,$,,,
88,,bZQryeTD6hIsT6lSUxzSSw,FALSE,4,332,$$,,,
89,,m2Zsy2UAkcDf0cRzk2Yoqw,FALSE,4,489,$$,,,
90,,x64xHVZoQj1ZOjzPqVprkw,FALSE,4,201,$$,,,
91,,tSL-m56i_b8muApMagaanQ,TRUE,4,18,$,,,
92,,1gK-0_lGqjxbwiHWcXXdzg,FALSE,4,255,$$$,,,
93,,WyiTT3VHjzowMnOnUpZ7TQ,FALSE,4,190,$$$,,,
94,,r4FfpVF0v48QznLawd4w8w,FALSE,3.5,242,$,,,
95,,vXYFa2qzppkGiOiVPrLwDQ,FALSE,4,480,$$$,,,
96,,AOruLMQHtKQd42lJN1nWlg,FALSE,4,54,$$,,,
97,,hg9XXLb2AeJHJ7eX-6JnMg,FALSE,4.5,108,$$,,,
98,,HJg9TbpyWvb6-AFPdb7NCA,FALSE,4,106,$$$,,,
99,,71_8yA0L_FCwfgC-8KQjXA,FALSE,3.5,75,$,,,
100,,MdDj13LgIs0WdbIdiyqB7Q,FALSE,4,191,$$,,,
101,,SyvC0s3y0ZrtnLbwnvw7tw,FALSE,3.5,1197,$$,,,
102,,dJdIEYv56jTBkU6hAnSypw,FALSE,4.5,92,$$,,,
103,,-7iUpGTNDdy4WjxLGYp-_g,FALSE,4.5,72,$$$,,,
104,,7rxg-tWPc1jK7Cikn5R86g,FALSE,4,414,$$,,,
105,,G-lgChurQ6xYYWdi7LuwyQ,FALSE,3.5,128,$$$,,,
106,,NydHMLL3iWR52oMd1s0GIQ,TRUE,4.5,22,,,,
107,,RYoc4EBUNOtgbg7c32OG9A,FALSE,4.5,202,$$$,,,
108,,6eihmCzFJvolelWSW7-VPQ,FALSE,4.5,20,$$,,,
109,,AKHA6ZU8uM3vmLwH2hqH_A,FALSE,4.5,232,$$$,,,
110,,MDWt-rtGxUnIcpIi-817Rg,FALSE,4,107,$,,,
111,,lXGCo-K7eftxRT_6E59-Iw,FALSE,4,1055,$$$,,,
112,,,FALSE,4.5,8,,,,
113,n,41kYchR12Eclmp1w_EzpfA,FALSE,4.5,100,$$,y,,https://www.yelp.com/biz/wafas-brooklyn-6
114,,4Jp0wdJXLpmgCwWv6o6YEQ,FALSE,4,192,$$$$,,,
115,,ieOIBz6Gfqmwm1B0wUzh9g,FALSE,4.5,389,$$,,,
116,,,FALSE,4,2212,$$$$,,,
117,y,,,,,,y,,
118,,FyFeyjndrXHDnN-z9-qv_w,FALSE,3.5,169,$$$,,,
119,,0ePn6TQSJQky4ueKeGQvpQ,FALSE,4,538,$$$,,,
120,y,JH2vhNxA2MNRtaL4a2B4tQ,FALSE,4,1049,$$,y,"austin,tx",
121,,SU_l4Zf7TLTPD0F9eH_oEg,FALSE,4,200,$$,,,
122,,XzKGxGoKCCNqTolEPXQwHw,FALSE,4.5,129,$$,,,
123,,zzZ366NuT7PCfVuPAySnaw,FALSE,4.5,10,$,,,
124,,m9Q9x-Hcxp24gZCaTTJY-A,FALSE,4,112,$$,,,
125,,80h4Y4OwRBzSZqH1-0i35g,FALSE,4.5,38,$$,,,
126,,CesS-E8Q3ztX6VnkXO6wBg,FALSE,3.5,167,$$$,,,
127,,inftQdKaEEiqQ323AlomXg,FALSE,4,164,$$,,,
128,,JAMTUBtdGZqRSEli6u_nHw,FALSE,3.5,171,$$,,,
129,,vW7sMAxt4YcUS8tWONaX2g,FALSE,4.5,209,$$,,,
130,,5OfCQDtwqKiYAcsi-NABjQ,FALSE,3.5,156,$$$,,,
131,,xymropCDcEvCYGKC0AKe-w,FALSE,4,133,$$,,,
132,n,wua1Rw6xlIm6VYVy44G87g,FALSE,3.5,122,$$$,y,changed name,
133,,6YsCjSkCoUJ6rVDJe04Yuw,FALSE,4.5,187,$,,,
134,,l7G5tDA96xbA_bx1ZgkOeg,FALSE,3.5,881,$$,,,https://www.yelp.com/biz/ichiran-brooklyn-brooklyn
135,,oe8GEFE4QLFAKt87y7zcgA,FALSE,4,536,$$,,,
136,,z_-ITx8x-WUhz5FnC6Y8BQ,FALSE,3.5,73,$$$,,,
137,,3H4FH_pYolFe_PQmFewRzA,FALSE,4.5,47,$$,,,
138,,P2CTp4xyaNCe2AXSiLeOSQ,FALSE,4,551,$$$,,,
139,,q202UCgXiL2H53LsHeDsQA,FALSE,3.5,34,$$$$,,,
140,,Eyn7hQENF8R9DrBwBHO6lQ,FALSE,4.5,32,$,,,
141,,UM3DuPsG6UKdmsC23O_Icw,FALSE,4.5,66,$$$$,,,
142,,Kqb7MjTPNkjPMoFRd-rWpw,FALSE,4,415,$$,,,
143,y,SMGsYvfRNIlJc8ZgUjXQow,FALSE,2,9,,y,"washington, dc",
144,,xpW1GmI-IETWNGwMl11cBg,FALSE,4,142,$,,,
145,,01QgNCtuW0rZXlwY8dGCrw,TRUE,4.5,21,$,,,
146,,WJS06XxRdc6DD1s4LWE9HA,FALSE,4,226,$$,,,
147,,fVbUVAiLiGgLA_nxBFxyww,FALSE,4.5,899,$$,,,
148,,J9UA6rzI5WW_cDGjwDnF5g,FALSE,4,1236,$$,,,
149,,fm9cTs8-LdtTvRltHKIK3Q,TRUE,3.5,211,$$$,,,
150,n,fyMvuxZBN5W6aRJrIJVm9A,FALSE,4,165,$,y,,https://www.yelp.com/biz/violets-vietnamese-shoppe-forest-hills
151,n,ue6IQBYWDjjMiSScxA-2vw,FALSE,4,34,$$,y,,https://www.yelp.com/biz/df-nigerian-food-truck-new-york
152,,obFs12x7mgYPGxgalBd22w,FALSE,4,354,$$$$,,,
153,,jR09vZmJnwKPw4DyMxgwnw,FALSE,4,370,$$$,,,
154,,vTwc9qWomRIftDEIyeBDAQ,FALSE,3,274,$$$,,,
155,,s29dItNA_qBmeGhrvnkSCA,FALSE,4,201,$$,,,
156,,eyjeP9CJZ_gYgeJFP_vtpQ,FALSE,4.5,64,$$$,,,
157,,p_YuOfkcjZP9g0omryT31Q,FALSE,4.5,61,$$,,,
158,,uy7QmtN9Sdb8z5hm2_VZSQ,FALSE,4,206,$$,,,
159,,sMoKKcyUslHmHe0NmCYgfg,FALSE,4,236,$$,,,
160,,mpxgyGnJsomLOzKRsCK1TA,FALSE,3,185,$$,,,
161,,ys6rqS7Cr1IZ2kB1TNYE4w,FALSE,3.5,161,$$,,,
162,n,6gD2rXvCO10sFxB4P4WixQ,FALSE,4,192,$$,y,misspelled,https://www.yelp.com/biz/tong-sam-gyup-goo-ee-flushing
163,,ux0VSvX7nGaC3YqamjhL9Q,FALSE,4,545,$$,,,https://www.yelp.com/biz/flip-sigi-new-york-2
164,,2Ugmqz5WYg_kACr8pKPrYA,FALSE,4.5,81,$$$$,,,
165,,keOMomcnyrJEQvFtfEYadg,FALSE,4,69,$$,,,
166,,scTDvJ2M2jDbb1ntVeIyxA,FALSE,3.5,379,$$,,,
167,,7X3hB3KtkHVKk1GZKAnlbA,FALSE,3.5,44,$$,,,
168,,vGQRmWKrR_x-JAyeCT5F1A,FALSE,4,125,$$,,,
169,n,lAfZ2bVbNcWEgnTW6mzfuA,FALSE,4,839,$$$,y,going to delete,
170,,aGv9UFGKSHfTS26dzaU43g,FALSE,4.5,178,$$,,,
171,,TltwCBJXifqJ1Ruy3qCKyQ,FALSE,4,112,$,,,
172,,yrXECkTezsI0Twgalc7M-A,FALSE,4.5,258,$,,,
173,,NirY5TkWZBNuuAgbjdG0AA,FALSE,4,59,$$,,,
174,,veq1Bl1DW3UWMekZJUsG1Q,FALSE,4.5,2506,$$$$,,,
175,,Ulr_Nyp2nvt82EPH_BiftA,FALSE,4,228,$$$,,,
176,,hlJnwmsxFQ9uB3JtRwJQJg,FALSE,4,140,$$$$,,,
177,,lcI9kOcRqxxMhM4b5pHqsg,FALSE,4.5,168,$$,,,
178,,AWeQkgJ0uzNr5YxFr2Bx8g,FALSE,3.5,158,$$$,,,
179,,f2DevPBn93EdzBL0I0CQ9Q,FALSE,4.5,28,$$,,,
180,,t1Pv_ScBZpyZjtN-sqlhbg,TRUE,4,8,$$,,,
181,,UPWw9bfj0-7CJqxTIY8gxg,FALSE,5,18,,,,
182,,mjGdtrh0tX7I91GM9dlMNg,FALSE,4,116,$$$,,,
183,,DodCeSN_hkXCJDoJ0uVxKg,FALSE,4,350,$$$,,,
184,,MOTZjYcyAwqUhxXIrrfoww,FALSE,4.5,107,$$,,,
185,n,2RgpeADI0A9U4Gz5lke8cg,FALSE,4,151,$$$,y,,https://www.yelp.com/biz/freeks-mill-gowanus
186,,uAy3zyNCmDPO0RpdGjEAdg,FALSE,4,513,$$,,,
187,,YjkEjOJ05z4MVDmbrWvWdQ,FALSE,4,387,$$,,,
188,,TC6mrFU6T1txRrxmGtF3nA,FALSE,4,53,$$$,,,
189,,DjLxykRuP8OFtGtPPZpfdQ,FALSE,4,63,$$,,,
190,,ckA5dhV4ve-QZXUBFI6TUA,FALSE,4,265,$$$,,,
191,,MyHqb7VaNfNysHWmOdXpIA,TRUE,4.5,44,$$,,,
192,,kpoFMjX8cIPeoWR1C-CV6A,FALSE,3.5,304,$$$,,,
193,n,WI05doY7Zskp-hfdCODRxQ,FALSE,5,4,,y,link already fixed,
194,n,fFkqEyupjc5x2iJQIPcpLw,FALSE,4.5,136,$$,y,,https://www.yelp.com/biz/ruffian-new-york-4
195,,1_pK5aQ47atF50oAKHADhA,FALSE,4.5,379,$$$$,,,
196,,deJwwVdY2L88MAMKxE5S7A,FALSE,4,200,$$,,,
197,,os09iVkYkzIg9G1xEIepiA,FALSE,4,419,$$,,,
198,,za9mYaRVWkwKkQfjRgvU0g,FALSE,4,250,$,,,
199,,RUL5ICRMDWEnJPbviJYVQA,FALSE,4,158,$,,,
200,,uboO7T3XSnl8iq0uQWhMXA,FALSE,3.5,110,$$$,,,
201,,zMV3am6rEoP43jLeHvzUeA,FALSE,4.5,54,$,,,
202,,B0IXsKwCk21hNQffYPJmHA,FALSE,3.5,186,$$,,,
203,,qTWujv2b2ZuxJPiZFsqbFQ,FALSE,4,17,$$,,,
204,,NjBgTtcJgdXKLvqYt3C8CQ,FALSE,3.5,78,$$,,,
205,,3LNcgFUGdwJil-KDQPZmdQ,FALSE,3.5,2790,$$$,,,
206,,QaXo7ZhglTcSWHLQ8QNY4A,FALSE,4.5,248,$$,,,https://www.yelp.com/biz/bk-jani-bushwick
207,,YoLxK5EG8UgnueKAe7hj0g,FALSE,4,254,$$$,,,
208,,50vyTIdqKI_wsSqzaEtovg,FALSE,4,119,$$$,,,
209,,zwOAiVT4pAmpNGXzj-t5MA,FALSE,4,483,$$$,,,
210,,CaizM2WaGPX5eRLDOJaqIw,FALSE,4.5,197,$$,,,
211,,1vSx0gpTqro-N73NGKneEA,FALSE,3.5,168,$$$,,,
212,,Oq1mej1BYfjcdPKkM_5o8g,FALSE,4,317,$$,,,
213,,xH7mEjh4Rn6KdHjXYNoOjw,FALSE,4,591,$$,,,
214,,I1AqEw-O6spamgtJLNPjBg,FALSE,4.5,248,$$,,,
215,,ipv4lBvbfVzCnSahqrJckQ,FALSE,4,247,$$,,,
216,,1Mqydw0kcU_dgRgsWpo_7g,FALSE,4.5,341,$,,,
217,,ozkp8E5BGRg0gzjbFzuaEA,TRUE,4.5,109,$$,,,
218,y,WIhm0W9197f_rRtDziq5qQ,FALSE,4,5493,$$,y,,
219,,pyfIejcRwhpc1NzuJyd6FQ,TRUE,4,11,$$,,,https://www.yelp.com/biz/east-coast-poke-new-york
220,,BBPiBgyMmLX5RzaKCB0AeQ,FALSE,4,327,$$$,,,
221,,s8fqj5tqibEsRGXHMxhOEQ,FALSE,4,222,$$,,,
222,,lESxFswvOPUFUzj6HsTnqw,FALSE,4.5,664,$$,,,
223,,IzY4xwbY7YqPoL_-xCSeRA,FALSE,4,389,$$,,,
224,,Dx5TWQbJb7sRr7BRCz40xg,FALSE,3.5,61,$$,,,
225,,3gtheZvv3Or0YzWXIl3SJg,FALSE,3.5,391,$$$,,,
226,,Y331N32AeN-s5fFRe-bLuA,FALSE,3.5,63,$$,,,
227,n,fkrwjFipOrFzywuH-hwyJQ,TRUE,4.5,45,$$,y,link already fixed,
228,,Itg3FiXNyf9NXKegy46Lwg,FALSE,4,70,$$,,,
229,,1DfbZ0VsSCg9g1KILmnvzQ,FALSE,4.5,1403,$$$$,,,
230,y,omIhyLydbGyFAjOdECIGJA,TRUE,3.5,4,$$,y,"relocated to miami, fl",
231,,mOL7TxRDJGutaEtVA8_hUg,FALSE,3.5,453,$$$,,,
232,,r2JVKalbucGf2nryywuL2w,FALSE,4.5,284,$,,,
233,n,gTEoEsssfbjl76Opf5bP9g,FALSE,3.5,320,$$$,y,,https://www.yelp.com/biz/l-amico-nyc-new-york
234,,E3G8CzSsZgU2bT6WYLsxRw,TRUE,3.5,90,$$$,,,
235,,95a04LtXLX6gePhPEwff9A,FALSE,4.5,259,$$,,,
236,,KtL6xhVJZq6dzAYlfcHvyw,FALSE,4,185,$$$$,,,
237,,GtfhGhWmr1kQ4EnFTlwg7w,FALSE,4,1478,$$,,,
238,,ieXKc6S3WlEiVkyxgaF9Ig,FALSE,4.5,81,$$$$,,,
239,n,ohqZeuwInNokEj1f4_qUNw,TRUE,3.5,399,$$,y,,https://www.yelp.com/biz/jimmys-no-43-new-york
240,,,FALSE,4.5,171,$$,,,
241,,UNX40pcYuNtbAUFE84dgFw,FALSE,3.5,215,$$$,,,
242,,gdQnW4OB_oHjaf67Ir-lFg,TRUE,3.5,164,$$,,,
243,,Q6quwwLiwx_47SRd3tItvA,FALSE,4,146,$,,,
244,,WHXgDm3kcU-aONfjR8tX0A,FALSE,4.5,190,$$$$,,,
245,,VR4Ki8V4f_B7GAGJSY9TRQ,FALSE,4.5,273,$$$,,,
246,,pepM7-yv4-jCT6S1nl6fPg,FALSE,4.5,117,$,,,
247,,kLyS_dfIwCPdkVODMlkkeg,FALSE,4,192,$$,,,
248,,GticI2JB8Iw2ktRfLv6aRQ,FALSE,4.5,220,$$$$,,,
249,,5mOzZ17qU_8ijlP54Q206Q,FALSE,4.5,147,$$,,,
250,,Jy0nQ1uI8KPvTv8nBZGdMg,FALSE,4,138,$$$,,,
251,,tIjQyHOubGeKRnx4wSwOeA,FALSE,4.5,456,$,,,
252,,E3MkTTS4ZDjWV9YT5i6eUg,FALSE,4,77,$$$,,,
253,,pDwhlX9jNBGnjvyGR9jYWQ,FALSE,4.5,287,$$$$,,,
254,n,ooHTw6KGNXsKj5TmyHKVuQ,FALSE,4,412,$$,y,,https://www.yelp.com/biz/lucys-vietnamese-kitchen-bushwick-2
255,,8PhwiTru5teSaZ8C6hrIww,FALSE,3.5,1117,$$$,,,
256,,4Kv4EVmrQ8TdlSD7MW0wHg,FALSE,3.5,102,$$,,,
257,,tf3RVircY9-8adku41N6VQ,FALSE,4,436,$,,,
258,,VDz9n7gwcq51wOAbTBdXxA,FALSE,4.5,208,$$,,,
259,,vRqj40pRwz0OHHRVgOdgRg,FALSE,4,281,$$$,,,
260,,FsuJ7VC5vxX3wcLhFrb97Q,FALSE,4.5,400,$$$,,,
261,,85qHcO9eEcf01d-qE41Xqw,TRUE,4,60,$,,,
262,,kkyHnaqIBW7WaJ-z_YooCA,FALSE,4,237,$$$,,,
263,,_eZPWzxHhAEEaJ7CXYavCA,FALSE,4,194,$$,,,
264,,vx7SbIWI44ZsjbYaA7IzjQ,TRUE,4,22,$,,,
265,,_4Grm99JEHnDWskCHAJfUg,FALSE,4.5,441,$$,,,https://www.yelp.com/biz/kikis-new-york
266,,NebgteFykeM1gwiVgPcCHw,FALSE,4,498,$$,,,
267,,huOYFLpe3EQKFeDVoxk6Hw,FALSE,3,258,$$,,,
268,,rCpO-kMHljieU0geK0RJQw,FALSE,4,357,$$$,,,
269,,TMzgYJWl-DeKaA3kGcuK8A,FALSE,4.5,329,$$$,,,
270,,3Q4FMHLSTM8sATaEHeZ6Tg,FALSE,4,152,$$$$,,,
271,,sqTPK6Ns5-_ZoczUC4JWJQ,FALSE,4.5,125,$$,,,
272,,lpLd3AFaMOV7LfPtvUiq8A,FALSE,3,652,$$,,,
273,,7OMGEtFWT6sdd9TVuoGqJQ,FALSE,4.5,372,$$,,,
274,,KJNXC2NtxRPeu_nkk1PC4A,FALSE,4,61,$$,,,
275,n,kPn2rKOTyIn-l_jRUstHCQ,TRUE,4.5,58,$,y,,https://www.yelp.com/biz/crepes-canaveral-from-brittany-new-york
276,,f7apP8A_0_KqcGQTK4V2TQ,FALSE,4,664,$$$$,,,
277,,6ezrABEThm48qv1qj8_FVw,FALSE,3.5,66,$$,,,
278,,BxB7lV381jp5pmosnIBpGA,FALSE,4.5,235,$$,,,
279,,5m-TrbqMNnwJvOd7pAt6OA,FALSE,4,936,$$,,,
280,n,_7lJD4cLAFEp0xCOacUy5g,FALSE,3.5,37,$,y,link already fixed,
281,,RElijPqDOAPTHT3J4n_FEA,FALSE,4,958,$$,,,
282,,9FwX2ye1eCxnPVoQOHHr3g,FALSE,4.5,137,$$,,,
283,,sJPayLq6EqepJbPGLlFfHw,FALSE,3.5,162,$$$,,,
284,,nw5_0jb_u2a6nUt4Je09Xg,FALSE,4.5,185,$$,,,
285,,gGkkzrcHh1xS-S55OsuKsw,FALSE,3.5,538,$$$,,,
286,,mhhTORjUdXj-UIDjyGmhBg,FALSE,4,746,$$$$,,,
287,,7ZecxKox2SiVtsNDWphJZQ,FALSE,4,318,$$$,,,
288,,cqdg3bP870-y2cHzckLcFw,FALSE,4.5,104,$$,,,
289,,4U6AEMuTx34o3i84G0Hc0w,FALSE,4.5,183,$$,,,
290,,0yzuScoOUNJzgJLb0WGGEg,TRUE,4,99,$$,,,
291,,np7wKWwTAhetwpXqsWpFkQ,FALSE,4,307,$$$,,,
292,,nRO136GRieGtxz18uD61DA,FALSE,4.5,1826,$$$$,,,
293,,qpkFmGyvbZv-g2fbwyNQUg,FALSE,4,370,$$$,,,
294,,MOtHnl_Zeld-D1slHKg__w,FALSE,3.5,177,$$,,,
295,,hdBhZcdZGHkTESrldAObJg,FALSE,4.5,124,$$,,,
296,,jnHbdsqlTKlPcmJ8BCP9-g,FALSE,4,270,$$$,,,
297,,i8F0fnempD5fTb2CxbwKDw,FALSE,4,215,$$,,,
298,,XpgquUrYWa-URbgi-3pykg,FALSE,4,314,$,,,
299,,EBIjeMlkgU12CyCcUDj-kg,FALSE,4,227,$$$$,,,
300,,tt857dHOw0ne9iu5svMlRg,TRUE,4.5,3,$$,,,https://www.yelp.com/biz/patina-african-restaurant-bronx
301,,1m6viubAWUgsTgguIrJT6A,FALSE,3.5,709,$$$,,,
302,,wjmcMQj1StNTNdKnkidcGg,FALSE,4,52,$,,,
303,,MIuFXBFthAWeEMxyP_lm9A,FALSE,3.5,1604,$$,,,
304,,XOnspIaW6mYVmrvgqOaYSQ,FALSE,4,526,$$,,,
305,,yHXJFk_oialGqTUfyMVfoQ,FALSE,4,373,$$$,,,
306,n,UO4kyXfdQIlAhM-TRgM9cw,FALSE,4,237,$$,y,link already fixed,
307,,Z-hDHjP4Eza6BA4G97tzVA,FALSE,4,575,$$,,,
308,,xkvv0n7jbl4Ra3Vm_jfxaA,FALSE,4,753,$$$,,,
309,,,FALSE,3.5,42,$$$$,,,
310,,GcBZDgOKOP-RkH_mI-DS9A,FALSE,3.5,665,$,,,
311,,lGLeaVcg7U4tOfJFhVqGng,FALSE,4,75,$,,,
312,,S-619sO8qSxQcis0DBHvNw,FALSE,4,439,$$,,,
313,,nBkSqOhZMa1A7Yk3q8VPaA,FALSE,4,528,$$$,,,
314,,Z6koXxi6wgNKcZdsV7dDRw,FALSE,4.5,59,$$,,,
315,,rZ9OFoSqy8u4WECfh--ylg,FALSE,4,703,$$$,,,
316,,EhNjU4yJ6DRIliUNSjwYbw,FALSE,4,155,$$$,,,
317,n,WZRFk3t0U8gGki1GR9Avzg,TRUE,4.5,27,$,y,,https://www.yelp.com/biz/carnitas-el-atoradero-bronx
318,,3mSoxaXfEoJz-ALRiENNEw,FALSE,3.5,264,$$,,,
319,,qdVL69R5IKw6UcBasqLu-w,FALSE,4,28,$,,,
320,,R7EGjHWw0tNheY6-ahH8fQ,FALSE,4.5,335,$$$,,,
321,,4Objcs7HXSGuzpb0SOa-Jw,FALSE,4.5,884,$$$$,,,
322,,SNhDVaf_n7VDZcfry8mYdA,FALSE,3.5,930,$$,,,
323,,kvIrv1akLm08kxd44ciicA,FALSE,4,184,$$$,,,
324,,DUnRsZh-pSOsIhQa3ZJrEA,FALSE,4,86,$$,,,
325,,zYQpuK03rUZJ5-IDnge7kA,FALSE,4.5,378,$,,,https://www.yelp.com/biz/areperia-arepa-lady-jackson-heights
326,,C3spvfEd8JQJie-yixRgpQ,FALSE,4,266,$,,,
327,,fVslDZ8dGsVmcRhS0R0kFg,FALSE,4,261,$$,,,
328,,MbwsCB7echBlVwzfJ_9c9g,FALSE,4,274,$$,,,
329,,Bzprbnm51unkJqh9xtlQ7g,FALSE,4,205,$$,,,
330,,cCWR47_Qeb611F_J8iz_ig,FALSE,4,382,$$$,,,
331,,aTFkjo0scqmOgsFF5kuGXg,FALSE,4,298,$$$,,,
332,,bSi2f2TaOr4RVTI5eFt0wQ,FALSE,3,178,$$,,,
333,n,b6fnzW30Z9jGqGHOelzAFQ,TRUE,3.5,74,$$$,y,,https://www.yelp.com/biz/barchetta-new-york
334,,_sipbeIM-EtR4cIzleEUhg,FALSE,4,284,$$,,,
335,,Jwb556DrGTEZryeV7XgZmQ,FALSE,3.5,487,$$,,,
336,,jOEh72OMOP55tUlAGsW3KQ,FALSE,4,104,$$,,,
337,,0Q3xCYWK2N-wJfXjLa9dFg,FALSE,4,292,$$$$,,,
338,,_kAe3HpRbNUTVVG8yUdbhw,FALSE,4,259,$$,,,
339,,rUBFgZU3QTk7IOgpccE8Og,FALSE,4,532,$$,,,
340,,zEHzdRjEa23tcH585_SqHw,FALSE,3.5,129,$$,,,
341,,wqYHhMnpdfUVGL5JI3Wi_A,FALSE,3.5,981,$$,,,
342,,ckb_w10XmSsW3riotGqXQA,TRUE,4,174,$$,,,
343,,1VulIvaA95_ZjBIs1O0sxQ,FALSE,4.5,101,$$,,,
344,,0rQz8mkleT62eUkiAVs4UA,FALSE,4,712,$$,,,
345,,EOANRwg2TqxqAJ6O7e-YNA,FALSE,3.5,107,$$$,,,
346,,nKjEA5nW5zm2MjD2ukdTtQ,FALSE,4.5,84,$$,,,
347,,hA5QUlrSjpxMZ90Kof0bgA,FALSE,4,181,$,,,
348,,Hn4BGKcS80yDwM7ihYscAQ,TRUE,4.5,142,$$,,,
349,n,Eu0yHABc9MeJJMUx700a5w,FALSE,4,162,$$,y,,https://www.yelp.com/biz/umas-rockaway-beach
350,,6wJOojpF2c4lLeBNbTBB0A,FALSE,4,152,$$,,,
351,,hKdvsbuQRtjajWYwjaoOQw,FALSE,3.5,1035,$$$,,,
352,,8IzVyi4kNO_lpEW1r_DbiA,FALSE,4,261,$$,,,
353,,CQ26J5DcKkh1C17JwWSoSw,FALSE,4,218,$$,,,
354,,Ve9eysLcTjGLbKp7tjOd9w,FALSE,4,968,$$$,,,
355,,H57mO_Z0CuyyppsRtk9IJA,TRUE,4.5,106,$$,,,
356,,Okbtt-ISFB3kuoxkl2wVgg,FALSE,4.5,79,$$$$,,,
357,,1Au-74qnl8CTmQ9NBscSRA,FALSE,4,108,$,,,
358,,ZhbHXqkEYNKLAbamW5peJQ,FALSE,4,438,$$$,,,
359,,m2_ZNFos5ugAwe8ft8eaEw,FALSE,4.5,305,$,,,
360,,fkwvdS0DTCVyeY3mXwae_Q,FALSE,4.5,56,$,,,
361,,4XX-zF8h5Lvrr22_tqU6-Q,FALSE,4,915,$$$$,,,
362,,zWQEMxRrhDsBuC8KTobC9Q,FALSE,3.5,270,$$,,,
363,,TlgASrwWFlnx9D1ZiKjJbA,FALSE,4,136,$$,,,
364,,IYlO-XRwjZlUl0yoKY87cA,FALSE,4.5,158,$$$$,,,
365,,l1EdTmBBFzxQIZDftPZeUQ,FALSE,4,235,$$$,,,
366,,uaFHoq-a5XqxF-bsOK9_Qg,FALSE,3.5,794,$$,,,
367,n,wfeqvT0sKAOY6KA5H-nkuA,TRUE,3.5,76,$$$,y,,https://www.yelp.com/biz/telepan-local-new-york
368,y,,,,,,y,,
369,,PBUIaPtgnhmdHE3KHglK-g,FALSE,4.5,1700,$$$$,,,
370,,Mcl-sfVMaeTPCv4m0fLAwA,TRUE,4,116,$$,,,
371,n,NMCUMp39CPenji-UbFnuCA,FALSE,4.5,120,$$$,y,changed name,
372,,i34wlziIjT8lHgUN1o0ToQ,FALSE,4,313,$$,,,
373,n,i34wlziIjT8lHgUN1o0ToQ,FALSE,4,313,$$,y,upstairs,
374,n,vjj3MMPkULJUCv8xf3XRiA,FALSE,4.5,138,$$,y,changed name,
375,,6UcYACF-byUBkn5jumAAfQ,FALSE,4,178,$$$,,,
376,,5K0b-fEk96xUJCV_5ytNog,FALSE,4,252,$$$$,,,
377,,B-lJd1eBLcLk1StNbgAe9w,FALSE,4,351,$$$,,,
378,,JCviwJXiieZUd7RlxlrhTQ,TRUE,4,76,$$,,,
379,,o5HNVvccTdsiGjT4Pubddg,FALSE,4,223,$$$,,,
380,,CzcZsX0Mvm5G8LOlKRr0WA,FALSE,4,146,$$,,,
381,n,5ZaynmA5KDMQCwJgSQ4N_g,TRUE,4.5,188,$$$,y,,https://www.yelp.com/biz/bergen-hill-new-york-3
382,,bBDzXNM7Y7_8WE2Sm6R_ig,FALSE,4,489,$$,,,
383,,OMv26_R8kaek1G7_QhBPkg,FALSE,3.5,350,$$$,,,
384,,2rqb2T5IS2D7A6UB5QwNKw,FALSE,4,236,$,,,
385,,Q1TpfbuPwKPFrNFyu-u2_g,FALSE,4,1025,$$,,,https://www.yelp.com/biz/han-dynasty-new-york
386,,6t5xWjPLWAjJV3YFMX_oaw,FALSE,4.5,119,$$$$,,,
387,,Xcnq-GIw48tMPlUIavpGmA,FALSE,3.5,208,$$$,,,
388,y,,,,,,y,,
389,,QArou0r7CmLNPWYRA9ecog,FALSE,4,1621,$,,,
390,,hArUPKkyuo6BW8skTGSs9A,TRUE,4,344,$$,,,
391,,I-B1Xbq6vIGRkdKVaQ8Uew,FALSE,3.5,425,$$$,,,
392,,t8fC-gy9eOq4Fz8jusigQw,TRUE,4,204,$$,,,
393,,vscYK65F_MUH8WqACKSdog,FALSE,4.5,351,$$$,,,
394,,cOhTtMx8dZmTJldRkVEavA,FALSE,4,658,$$,,,
395,,zGAQqDu0Ak2khVYs9WdQxw,FALSE,4.5,1124,$$$$,,,
396,,Bh1JBgQWZl9zct46uw_FzQ,FALSE,3.5,379,$$$,,,
397,,jLK1bJkvBAWEGrmigscn0w,FALSE,3.5,901,$$,,,
398,,Dm6JUK9aLxJoP3FImfenTA,TRUE,4,351,$$,,,
399,,qrydcGQpeDP_1oFvx3qOeg,FALSE,4,584,$$,,,
400,,iAoaHrrbIR6ssZpZz3WcUQ,TRUE,4,236,$$$$,,,
401,,l4fwf8VwAokv3MWT45Ab7g,FALSE,4.5,453,$$,,,
402,,GfC7pvsvhZX4-QAeZ3z_Vg,FALSE,4,213,$$$$,,,
403,,je92kXXWjANmiN-dfwNapg,FALSE,4,356,$$$$,,,
404,n,_7Wy13lQ4JRUfOeDRZ2rlw,TRUE,3.5,104,$$,y,link already fixed,https://www.yelp.com/biz/gastronomia-culinaria-new-york
405,,dc3hkLkAqCSxDWQzrx-g9A,FALSE,4,819,$$$,,,
406,n,uKiW450USZjsaQJCrhRgaQ,TRUE,3.5,76,$$,y,,https://www.yelp.com/biz/crazy-crab-flushing
407,,7Oq1UdUHUGZGH_QI6N-0LQ,FALSE,4,640,$$$,,,
408,,zJcxZQbTSAP3q4Fy-6WAyw,FALSE,4,224,$$$,,,
409,,BKMCAYb9EAivUm3p-vrC9w,FALSE,4,590,$$$,,,
410,,LyuF8SHrHlkRfXO3rUmFbw,TRUE,4,1646,$$,,,
411,n,,TRUE,3.5,42,$$,y,,https://www.yelp.com/biz/whiskey-soda-lounge-brooklyn
412,,KB9_w7vCPMvS82jiUg2ndw,FALSE,4.5,211,$$,,,
413,,nEkVibaTuIFEcTNtltFgJg,FALSE,4.5,387,$$$$,,,
414,n,YGfpddz2ml_2h75wbzkh2A,FALSE,3,372,$$,y,link already fixed,
415,,GCAQmtRdNhqVit5KGJ46Qg,FALSE,4,434,$$$,,,
416,,0EtZ1xhnXWp4-ysNVwItYA,FALSE,4,683,$$,,,
417,,wA_KKu3X36JcaUPgFjyIHg,FALSE,4,292,$$$,,,
418,,zTK8reqKrmV7U71YVHYYjg,FALSE,4,183,$$$,,,
419,,YMtQ5NZY3WUn3tetby6Uog,FALSE,4.5,258,$$,,,
420,,jnEv25Y2DosTq2sNnvmC9g,FALSE,4.5,2258,$,,,
421,n,CjLZZpH0q8KcV2Q8S16i4Q,TRUE,4,192,$$$,y,,https://www.yelp.com/biz/the-pines-brooklyn
422,n,dsp1dkKzl7fgrdklIAMXXg,TRUE,4,429,$$,y,,https://www.yelp.com/biz/tres-carnes-new-york
423,n,sZPXAcjyO3hHIc-YCC-mWg,TRUE,4,148,$$$$,y,,https://www.yelp.com/biz/costata-new-york
424,,dYqWosnE1UlJs4Wx-M_u_A,FALSE,4,285,$$,,,
425,,T3k3vbXenuGQbsiCC4G7JQ,TRUE,4,710,$$,,,
426,,Va_mnsEvBghHXvc7uZIWJQ,FALSE,4,494,$$,,,
427,,9z2lUyfzZV8b2rkkiwSM4g,FALSE,4,780,$$$,,,
428,,,FALSE,4,394,$$$,,,
429,,DZaN3bNWfwcm__sNw5bvDg,FALSE,4.5,1397,$$$$,,,
430,y,jjJc_CrkB2HodEinB6cWww,FALSE,4,3311,$$,y,closed before yelp probably,
431,n,aj8JQujAHLXx46p9f2BUYA,TRUE,4,188,$$$,y,,https://www.yelp.com/biz/cherry-new-york-4
432,,Zrlm6XHY7gTsxSqwSb7kpw,FALSE,3.5,149,$$,,,
433,,m6bu1AGIIIM9GNn9_cjsmg,FALSE,4,684,$$$,,,
434,,IqbHVeqgewmbeSMXBhbqSw,FALSE,3,217,$$,,,
435,,g3jNtkQZVZrrC823oBxdtg,FALSE,3.5,774,$$$,,,
436,,dgaNriM1VdI2nGochhHE_g,FALSE,4,925,$$,,,
437,,rn6SmSqAYx2kLFIAxytMMQ,FALSE,4,187,$$$$,,,
438,,UiX68jF6s9-INHXSiTclrw,TRUE,4,203,$$$,,,https://www.yelp.com/biz/montmartre-new-york-6
439,,7_hGsGEkHrjgAiYVjrCFnw,FALSE,4,720,$$$$,,,
440,,O4rYM6YBj90W2u7RhG3Mvg,FALSE,4,1013,$$$,,,
441,,wcwftlB-61XG4ymGTR61aw,FALSE,4,526,$$$,,,
442,,0u411BT5S3hGdnjkQ3eLOA,FALSE,3,796,$$,,,
443,,ZZxYVgodx2TxbYwh-0YU1w,FALSE,4.5,491,$,,,
444,,EvLkJaWEXTZ8QNBrxOhDsA,FALSE,4,606,$$,,,
445,,Jgaf3JmVaPokYB3ezbhjCQ,FALSE,3.5,68,$$$$,,,
446,,GJIKId1PHSlGfUIGiiKpGQ,TRUE,3.5,595,$$,,,
447,,BfhICClikxU7AG01nOOeCA,FALSE,4,209,$$$,,,
448,n,pZ9saOqLd7kZ2Yvyy6OKJg,TRUE,4,884,$$,y,,https://www.yelp.com/biz/salt-and-fat-sunnyside
449,,7DUPGtHqVZHJ3yIufbWLsg,FALSE,4,495,$$,,,
450,,rlp1_EyRynmIDlJClhRNlQ,FALSE,3.5,514,$$,,,
451,,KZq5VsNf2yAaUTMIBGDa9Q,FALSE,3.5,148,$$$,,,
452,,Ck09FempamAKGSPsV_bX-A,FALSE,4.5,495,$$$,,,
453,,jSUUcyV76hlCBAyHWAOm0w,FALSE,4,351,$$$,,,
454,,Qn-qGoIkj-9uApdxb_VTeA,FALSE,3.5,390,$$,,,
455,,0LKC_M1bumyOcgWgbH9OdQ,FALSE,4,197,$$$,,,
456,n,_LJFf9YqpYxvExTvVxb7Rw,FALSE,4.5,834,$$$$,y,,https://www.yelp.com/biz/the-modern-new-york-3
457,n,SuceM1ue_-2pvHB0v3L5nQ,TRUE,3.5,96,$$$,y,,https://www.yelp.com/biz/chez-sardine-new-york
458,,-b3J-5K_beWyGxQ1Id7KQg,FALSE,4,910,$$,,,
459,,DOdamkEm9JWR9s6VH_NuOQ,FALSE,4,462,$$,,,
460,,nxTEuWKzkK1tCF4LrhFSUQ,FALSE,4,1263,$$,,,
461,,pasWmob-dg6RkqETkO7RWA,FALSE,3.5,212,$$,,,
462,n,0vvNgHCp9QsoYuMdWfinaw,TRUE,3.5,152,$$$,y,,https://www.yelp.com/biz/the-marrow-new-york
463,,NO39sbbqugt1UdvOAQtmPg,FALSE,3.5,596,$$,,,
464,,LXigh7JsonGgGR80THcCqA,TRUE,4,78,$$,,,
465,,6vEOMyq9Zb7QVqBecvgY_A,FALSE,4,506,$$$,,,
466,,v--4s91RgyWUdWvMH2QZHw,FALSE,4,188,$$,,,
467,,7YJxZAvMxB-oVZfHAuvBmw,FALSE,4.5,238,$$,,,
468,n,hNuUeaRhR1sI_ZRrZsfSzQ,TRUE,3.5,83,$$,y,,https://www.yelp.com/biz/krescendo-brooklyn-2
469,,wSGZA3DOFSUvALZRKCM_Sw,FALSE,4.5,517,$$$$,,,
470,n,CQZ6_kzHB2MVSI7cIzZEFQ,FALSE,3,234,$$$$,y,changed name,
471,,y9hWXCnewh7xmSk2YUl0Ew,FALSE,4,361,$$,,,
472,,1UqrqRx_35w87pQeg17Gqg,FALSE,3.5,352,$$,,,
473,,N8Y9fFwPprct8fBQEceG9g,FALSE,4.5,612,$$,,,
474,y,cbmFrZrQ6OlhmJPVsFlHjQ,FALSE,4,243,$$,y,"jersey city, nj",
475,,Y33XuEV_ht25tXv7SZPKKQ,FALSE,4,106,$$,,,
476,,JOr11q2DKWezsDNTTTtS8A,FALSE,3.5,892,$$$,,,
477,,bK-Y2zCIMolqRDHsaYUCWA,FALSE,3,229,$$,,,
478,,21y8cakUmhd3g13nh0cq9g,FALSE,4.5,290,$$,,,
479,,7USPKYeaAfxl0Ch9j_1l7A,FALSE,4,397,$$,,,
480,,j0Q-yyxS2WiL3foCJEV4eg,FALSE,4,498,$$$,,,
481,,E6Y4ICdoqtYkFilRLfrOHA,FALSE,4,546,$$,,,
482,,-78KGJqSFFNnlN6B0ptung,FALSE,4,170,$$,,,
483,y,vRrVSB-LegwUwIxpkeRVtQ,FALSE,4.5,2153,$$$$,y,closed before yelp probably,
484,,aAse88crP7lBNMRJk-oWiA,TRUE,3.5,634,$$,,,
485,,w_0gzJLcEcZcD3j6pjwxtQ,TRUE,3,1324,$$,,,
486,,f7g3GhoQs9nQVTJEL2p48Q,FALSE,3.5,405,$$,,,
487,,QGvOaL14mWte55v71i3PIQ,FALSE,3.5,1005,$$,,,
488,,RSGqAGFmgfoVssOBfkldXA,FALSE,3.5,531,$$$$,,,
489,,CgIQAtAqafmU_ep9wHW81w,FALSE,3.5,215,$,,,
490,n,Dl7V50kmimfIe13K35q50g,TRUE,4,25,$,y,,https://www.yelp.com/biz/lake-trout-new-york
491,,E1NbrEDNxq_cl39sMfxX5A,FALSE,4,212,$,,,
492,,TeBthQZ2xpxyvXheS08ovw,FALSE,4,440,$$$,,,
493,,nD7Hcq5aaCASbWzc0-Sg3A,FALSE,4.5,650,$$,,,
494,,Tp3MF3DNXuW41A10PQ2nFw,FALSE,4,321,$$$,,,
495,,xEDD2ScBU3jHhWxlMC7dkQ,FALSE,4,1011,$$$,,,
496,,4qtJ_u-7-73ts5UPa6NBmA,FALSE,4.5,44,$,,,
497,,Cnqy9w1BFXZFEaChfox0ow,FALSE,3.5,822,$$,,,
498,,GSaBi8jPsuQFa7YwYlihjA,FALSE,4,304,$$$,,,
499,n,b51h6u18L5hEVj9mydfY3w,TRUE,4,207,$$,y,,https://www.yelp.com/biz/biang-new-york-2
500,,_eC8r8yMhcmDL7PWmaNK9w,FALSE,3,837,$$,,,
501,,fJdfXAVAKpNI-GoLA6U3Lg,FALSE,3.5,230,$$,,,
502,n,xeSYZoDgb2JhPC8YCv5BkA,TRUE,4,35,$$,y,link already fixed,
503,,id_xB0Gr_UMb_WQLJSjTtQ,FALSE,3.5,272,$$,,,
504,,qMHzIYzoHYe55I7L65iEQw,FALSE,4,466,$$,,,
505,,dHFI6gF6P3egnQUSHUNIBg,FALSE,3.5,244,$$$,,,
506,,YYB2lPax5wAdeNWUcm5WAg,FALSE,4,133,$$,,,
507,,rZIMlQ76I0mXL8uNii_wVg,FALSE,4.5,214,$$$$,,,
508,,ygl43IfAeM8X4XYlSTr90w,FALSE,3.5,463,$$,,,
509,,mYxM36oYE0C-STDVV50SWg,FALSE,4,379,$$$,,,
510,,12anHG0qFlw8Jkb99RX3Mg,FALSE,3.5,707,$$,,,
511,,NlsxuhV6CUONOyI7xk7-mw,FALSE,3.5,2009,$$,,,
512,,9v-JAffC6qw8Xp67BICByQ,FALSE,3.5,393,$$,,,
513,,mm6DDvU8GZD__3bTY9rA5Q,FALSE,3.5,518,$$,,,
514,,kN3rkbjvqkY62CDRYUVz4g,FALSE,4.5,186,$$$,,,
515,,77-Sk9wXLi5Ii5M3Drf4rQ,FALSE,4,287,$$$,,,
516,,1z5Nu66M6W8mk5Ap4osZwA,FALSE,4,1329,$$$,,,
517,,rEbwps11tIERRkwQrIXQog,FALSE,3.5,761,$$$$,,,
518,,7VqMGK9uwi0vKqOjdKyIUA,FALSE,3,1547,$$$,,,
519,,8NDTQb7JLHd4r0yDmpzjUA,FALSE,4,327,$$$$,,,
520,n,aBDZ4XpYYDW_avU6IBWDkg,TRUE,4,268,$$,y,,https://www.yelp.com/biz/bar-corvo-brooklyn
521,,o5sUOmtzcHAeSWtUuFJ00g,FALSE,3,260,$$,,,
522,,vRrVSB-LegwUwIxpkeRVtQ,FALSE,4.5,2153,$$$$,,,
523,,TkBJW-GIJF_6wW1OG3i-8A,FALSE,3.5,922,$$,y,,
524,n,D6sXEEqFskrLplQsWdg,TRUE,3.5,130,$$,y,,https://www.yelp.com/biz/606-r-and-d-brooklyn
525,,xq0cX_DgxiJMXwhmEl9kUA,FALSE,4,1121,$$,,,
526,,Kg1OqaEPNFFL5FuqnALdWQ,FALSE,4.5,363,$$,,,
527,,DiHm4iIAQhqMKfjsrBPvZw,FALSE,4,1038,$$$,,,
528,,ra0_Y97ZhJsaB-C_ZPQAjQ,TRUE,3,51,$$$,y,,
529,,ytABgZNWnFXQUjOYjh460A,FALSE,4.5,424,$$$$,,,
530,,Lst7wAYH_Dlxocz3nYPnow,FALSE,3.5,385,$$$,,,
531,,EYSIZX7b6Sp6TNc_KNvn7Q,FALSE,4,223,$$,,,
532,,xRO5ALKo5RJoHN2_aATjwQ,FALSE,3.5,98,$$,,,https://www.yelp.com/biz/cochinita-brooklyn
533,,Ry9w-jFALWYhazi6jjyIKw,FALSE,4,420,$$,,,
534,,vh0ZN59b_OaA4R6Yxft3Dg,FALSE,3.5,368,$$$,,,
535,,RTFIMX31BPeZzx7kJJ1SCA,FALSE,3.5,586,$$$,,,
536,,fVsH6QIJPzXpVbgmeiolsA,FALSE,4.5,481,$$$$,,,
537,n,Hd97N_WkZ_RJ6nsekbNrKQ,FALSE,3.5,1190,$$,y,changed name,
538,,NdvmQ8VoLUIZyFpApZOXUA,FALSE,3.5,330,$$,,,
539,,dMe1eni3-zoz1gFZTZpjGA,FALSE,3.5,93,$$,,,
540,,Rv4NgRl-wkMNPNdqXNSGBg,FALSE,4,793,$$,,,https://www.yelp.com/biz/shake-shack-brooklyn
541,,,FALSE,3.5,483,$$$,,,
542,,9HuYLy_4hmQWkbKlKyWagQ,TRUE,3.5,227,$$$,,,
543,,nkfUKb7oWQt54Uz9VQLhUg,FALSE,4,1599,$$,,,
544,n,Y6uSPFbEfx45a2W69n__3Q,TRUE,3,140,$$$,y,,https://www.yelp.com/biz/kutshers-tribeca-new-york
545,,beSULYnLPVj2HAOCWmvpjw,FALSE,3.5,78,$$,,,
546,,TsYrzVVtkKO4Asrk_L9stw,FALSE,3.5,412,$$,,,
547,,86DcQw6w9T6zke7rq8tdnA,FALSE,4,130,$$,,,
548,,thUk6cIQKtW9YXbDbsZ81A,FALSE,3.5,262,$$,,,
549,,QS7LomUJFfx9LufSx4RVvQ,FALSE,4,247,$$,,,
550,,0ALbdMnTBX0vkSPLzIDMlw,FALSE,4,362,$$$,,,
551,,1khUlrik7LUtZvFCWT0auA,FALSE,3.5,299,$$$,,,
552,n,7-X4qbQGsty4EXHPsJaClQ,TRUE,3.5,166,$$,y,,https://www.yelp.com/biz/whitehall-new-york-4
553,,yZJbealagfujEkgesAl2hA,FALSE,4,1367,$$$,,,
554,n,7v8xXjk891JyH3UC2JgkVg,TRUE,3.5,68,$$,y,,https://www.yelp.com/biz/betto-brooklyn
555,,bbb6QZReetkrrubqGWJokQ,FALSE,3.5,426,$$,,,
556,,rP-5Z9MsEqtiENCiPqsizg,FALSE,3.5,240,$$$,,,
557,,YjAM0lKyc_ysySljDLfH0Q,FALSE,2.5,352,$$,,,
558,,eS9mTLlWwu_Ap2ROMQWPxg,FALSE,4,959,$$,,,
559,n,GLrwy0VOwfIHhkEw7oRDFQ,TRUE,2.5,121,$$$,y,link already fixed,
560,,1_S2RxVWOidWcgbU2tBQBQ,FALSE,4,1337,$$,,,
561,,7EaiwMVaNdQibSs0yYkE5Q,FALSE,4,1942,$$$$,,,
562,,_G6lH3rUyhyIxXHyQWFlag,FALSE,4,341,$$,,,
563,,5xeTONqSB8hIXdPkhQQW7g,FALSE,3,862,$$,,,
564,,7y7E2wavr-HBwEmq2snMLw,FALSE,4,689,$$$,,,
565,,XLT7aNLJEhIdoieNjPw8Gg,FALSE,4.5,290,$$,,,
566,,XAHfErhn_JujythNCmGl1w,FALSE,4,819,$$$,,,
567,,B8R7R6AMs5yC12oc494hcA,FALSE,4,506,$$,,,
568,y,pe_75LFS5OWl_SmKib02aQ,FALSE,4.5,51,,y,,
569,,kZXeX78DXMAVKqBUpNiV-g,FALSE,4,235,$$$,,,
570,,91JzjFHN0YuLMBE4nAFZzQ,FALSE,3.5,201,$,,,
571,n,7RF8z2AIh1bFoe2gvG7zuA,TRUE,4,108,$,y,,https://www.yelp.com/biz/neerob-bronx
572,,R8_fjWqN4bZkUsdZsaAr7w,FALSE,3.5,411,$$$,,,
573,,vgg1dvDP-9tFWSacN4q0nA,FALSE,4,1102,$$,,,
574,,TkBJW-GIJF_6wW1OG3i-8A,FALSE,3.5,921,$$,,,
575,,xUD5j3fq3CExLfyV-GhHPA,FALSE,3.5,510,$$,,,
576,,hiTfA7vnxDSLv77nl6UQXQ,FALSE,4,727,$$$,,,
577,y,eqx5A8DOnD0DW8B6p-AjMg,FALSE,4.5,35,$$,y,,
578,,DpZBA0-f7Um9lvnp1zZM2A,FALSE,4,541,$$,,,
579,,c1onPljpeivCbdgYisVWNw,FALSE,4.5,639,,,,
580,,xK8VkEUjAdfrtUBHhvs4Ww,FALSE,3.5,489,$$,,,
581,n,gxs99PqnwwJKAymrczXkFg,TRUE,3.5,147,$$,y,,https://www.yelp.com/biz/nights-and-weekends-brooklyn-3
582,,4DQ1S0s5ViRsw_wpcT65cw,FALSE,4,722,$$,,,
583,,nsAU6F2vmdnphmfIa_RuWg,FALSE,4,702,$$,,,
584,,FhXjAc6nKLf414KxYujUHw,FALSE,4,2387,$$,,,
585,,FeSynfcDT4qB2kDixHUQCA,FALSE,4,863,$$$,,,
586,,RqCMsa0IuHWhML0BEjW8_w,FALSE,4,635,$$$,,,
587,,uxehuUb4BgWQNLNDEwFnUA,TRUE,4,216,$,,,
588,,,FALSE,4,192,$$$,,,
589,,Xl3_Yl-tWwLY-nfIpQmybA,FALSE,5,1,,,,
