,nyt_name,nyt_link,id,rating,,y_price
0,Davelle,https://www.nytimes.com/2018/06/07/dining/davelle-review-lower-east-side.html?rref=collection%2Fcollection%2Frestaurant-guide,PwrYnl3j3YCGzILX_5UHpw,4,,
1,Lahi,https://www.nytimes.com/2018/05/31/dining/lahi-elmhurst-queens-review.html?rref=collection%2Fcollection%2Frestaurant-guide,kDqW1eeZEDTitXerwzwCzw,4,,$$
2,Don Angie,https://www.nytimes.com/2018/05/29/dining/don-angie-review.html?rref=collection%2Fcollection%2Frestaurant-guide,h37t9rA06Sr4EetJjKrfzw,4.5,,
3,Rangoon Spoon,https://www.nytimes.com/2018/05/24/dining/rangoon-spoon-gravesend-review.html?rref=collection%2Fcollection%2Frestaurant-guide,,,,
4,Wokuni,https://www.nytimes.com/2018/05/22/dining/wokuni-sushi-japanese-restaurant.html?rref=collection%2Fcollection%2Frestaurant-guide,chdmH_y3YReZgIlNzj8djQ,3.5,,
5,Em,https://www.nytimes.com/2018/05/17/dining/em-vietnamese-bensonhurst-review.html?rref=collection%2Fcollection%2Frestaurant-guide,D6ZEcG1FCZ18nekMWrhgMg,4,,
6,Simon & the Whale,https://www.nytimes.com/2018/05/15/dining/simon-and-the-whale-restaurant-review-flatiron.html?rref=collection%2Fcollection%2Frestaurant-guide,OMu9_FqiziCCHD-SsMBUrQ,4,,
7,Lamoon,https://www.nytimes.com/2018/05/10/dining/lamoon-review-elmhurst.html?rref=collection%2Fcollection%2Frestaurant-guide,B2EVXQCqfzludPiWWuZ8ag,4,,
8,Soogil,https://www.nytimes.com/2018/05/08/dining/soogil-review-east-village.html?rref=collection%2Fcollection%2Frestaurant-guide,PPQSf_1JWkbjFHi1S0nSNA,4.5,,
9,Bab Marrakech,https://www.nytimes.com/2018/05/03/dining/bab-marrakech-review-brooklyn.html?rref=collection%2Fcollection%2Frestaurant-guide,q-QEwZi32JCnjb7zbY-PQw,4,,
10,La Mercerie,https://www.nytimes.com/2018/05/01/dining/la-mercerie-review-soho.html?rref=collection%2Fcollection%2Frestaurant-guide,rv1BzvAMwSQkHRh6YJj9oA,4,,
11,Luda’s Dumplings,https://www.nytimes.com/2018/04/26/dining/ludas-dumplings-review-brooklyn.html?rref=collection%2Fcollection%2Frestaurant-guide,GBJOu9Rk4JqqWjB8ddYudw,3,,
12,Ho Foods,https://www.nytimes.com/2018/04/19/dining/ho-foods-review-east-village.html?rref=collection%2Fcollection%2Frestaurant-guide,raTzCe-LoOp7_2TZpAWZbQ,5,,
13,Claro,https://www.nytimes.com/2018/04/03/dining/claro-review-brooklyn-oaxacan.html?rref=collection%2Fcollection%2Frestaurant-guide,s0eEllkQhTezPpIWZsQGxg,4.5,,
14,Chez Ma Tante,https://www.nytimes.com/2018/03/27/dining/chez-ma-tante-review-brookyn.html?rref=collection%2Fcollection%2Frestaurant-guide,rBUTVjRs5CcEMe3dfVRZJQ,4.5,,
15,Ejen,https://www.nytimes.com/2018/03/22/dining/ejen-review-korean.html?rref=collection%2Fcollection%2Frestaurant-guide,1A10xZxpkxqCWgxq0nhVSQ,4.5,,
16,Cienega Las Tlayudas de Oaxaca,https://www.nytimes.com/2018/03/15/dining/cienega-review-corona.html?rref=collection%2Fcollection%2Frestaurant-guide,FXgSgiLg6xgOO8zrG51mzg,4,,
17,DaDong,https://www.nytimes.com/2018/03/06/dining/dadong-review-midtown-chinese-peking-duck.html?rref=collection%2Fcollection%2Frestaurant-guide,,,,
18,L’Atelier de Joël Robuchon,https://www.nytimes.com/2018/02/27/dining/latelier-de-joel-robuchon-review.html?rref=collection%2Fcollection%2Frestaurant-guide,U2EvUcS9KtXDv_Yw3cugiw,4.5,,
19,Belarussian Xata,https://www.nytimes.com/2018/02/22/dining/belarussian-xata-review-sheepshead-bay.html?rref=collection%2Fcollection%2Frestaurant-guide,5DubGsDTQYkdNf4nEYsfag,4.5,,
20,Tetsu,https://www.nytimes.com/2018/02/20/dining/tetsu-review-tribeca-masayoshi-takayama.html?rref=collection%2Fcollection%2Frestaurant-guide,,4.5,,
21,Taqueria El Sinaloense,https://www.nytimes.com/2018/02/15/dining/taqueria-el-sinaloense-review-mexican-queens.html?rref=collection%2Fcollection%2Frestaurant-guide,,,,
22,Hwa Yuan Szechuan,https://www.nytimes.com/2018/02/13/dining/hwa-yuan-szechuan-review-chinese-food.html?rref=collection%2Fcollection%2Frestaurant-guide,XI8c4klXYX0b3MV8n8Kteg,4.5,,
23,Kebab Empire,https://www.nytimes.com/2018/02/08/dining/kebab-empire-review.html?rref=collection%2Fcollection%2Frestaurant-guide,NZb6ILmE0p4gQ5harzrAvA,3,,
24,"The Aviary NYC, The Office NYC",https://www.nytimes.com/2018/02/06/dining/grant-achatz-office-aviary-review.html?rref=collection%2Fcollection%2Frestaurant-guide,,,,
25,Serengeti Kitchen,https://www.nytimes.com/2018/02/01/dining/serengeti-kitchen-review.html?rref=collection%2Fcollection%2Frestaurant-guide,JUGgD5WXc8eU5MoBKrfSGA,4.5,,
26,The Lobster Club,https://www.nytimes.com/2018/01/30/dining/the-lobster-club-review.html?rref=collection%2Fcollection%2Frestaurant-guide,,4.5,,
27,Happy Stony Noodle,https://www.nytimes.com/2018/01/25/dining/happy-stony-noodle-review-queens.html?rref=collection%2Fcollection%2Frestaurant-guide,hQk1KtjFpixNv4UWyi0VAQ,3.5,,
28,Martina,https://www.nytimes.com/2018/01/23/dining/pasta-flyer-martina-review.html?rref=collection%2Fcollection%2Frestaurant-guide,ga6sRtE0l85iftw_5-W84Q,4,,
29,Pasta Flyer,https://www.nytimes.com/2018/01/23/dining/pasta-flyer-martina-review.html?rref=collection%2Fcollection%2Frestaurant-guide,X5sTOOvtKgZHd5F6-Usr6g,5,,
30,Cafe Booqoo,https://www.nytimes.com/2018/01/18/dining/cafe-booqoo-review-brooklyn.html?rref=collection%2Fcollection%2Frestaurant-guide,qH8PVeddtVs9cKN2pwgdkQ,4,,
31,Amdo Kitchen,https://www.nytimes.com/2018/01/16/dining/amdo-kitchen-review-potala-momo.html?rref=collection%2Fcollection%2Frestaurant-guide,JCewNUA2d-CHcVwz8ZbqlA,4.5,,
32,Potala,https://www.nytimes.com/2018/01/16/dining/amdo-kitchen-review-potala-momo.html?rref=collection%2Fcollection%2Frestaurant-guide,7NInwhLvL6pghm_wod2FCw,3.5,,$$$$
33,Ferris,https://www.nytimes.com/2018/01/09/dining/ferris-review-chelsea.html?rref=collection%2Fcollection%2Frestaurant-guide,TYKqS9eoC4xiixTNP_xsMQ,3.5,,
35,The Loyal,https://www.nytimes.com/2017/12/26/dining/the-loyal-review-nyc.html?rref=collection%2Fcollection%2Frestaurant-guide,#NAME?,4,,
36,Wallsé,https://www.nytimes.com/2017/12/19/dining/wallse-review-austrian-restaurant.html?rref=collection%2Fcollection%2Frestaurant-guide,7kgvqVnlsigUNuDWQaEggg,3.5,,
37,Uncle Boons Sister,https://www.nytimes.com/2017/12/14/dining/uncle-boons-sister-review-thai-food-nyc.html?rref=collection%2Fcollection%2Frestaurant-guide,CGah1h1clhuptjHaecu6xw,4,,
38,Jeju Noodle Bar,https://www.nytimes.com/2017/12/05/dining/jeju-noodle-bar-review-korean-ramen.html?rref=collection%2Fcollection%2Frestaurant-guide,ugj4h67GK9hcvKgEIy5Tew,3.5,,
39,Khao Nom,https://www.nytimes.com/2017/11/30/dining/khao-nom-review-thai-desserts-queens.html?rref=collection%2Fcollection%2Frestaurant-guide,gUpIzy5Sj3br68sQDF9U3Q,4,,
40,Ugly Baby,https://www.nytimes.com/2017/11/28/dining/ugly-baby-review-thai-brooklyn.html?rref=collection%2Fcollection%2Frestaurant-guide,,,,
41,Tito Rad’s Grill,https://www.nytimes.com/2017/11/24/dining/tito-rads-grill-review-queens.html?rref=collection%2Fcollection%2Frestaurant-guide,C7P5fqIdMKs85GiFNSVnpg,4.5,,
42,AbuQir Seafood,https://www.nytimes.com/2017/11/16/dining/abuqir-review-seafood-restaurant-queens.html?rref=collection%2Fcollection%2Frestaurant-guide,22oLtXuFsvbJnMlqtuC0fA,4.5,,
43,Cote,https://www.nytimes.com/2017/11/14/dining/cote-review-korean-barbecue.html?rref=collection%2Fcollection%2Frestaurant-guide,ywAq9nvr9jX1S7-_HjA5ng,4.5,,
45,PappaRich,https://www.nytimes.com/2017/11/09/dining/papparich-review-malaysian-food-queens.html?rref=collection%2Fcollection%2Frestaurant-guide,4PeBRQZgHMW80J5YIaT39A,4,,
46,Sen Sakana,https://www.nytimes.com/2017/11/07/dining/sen-sakana-review-peruvian-food-nikkei.html?rref=collection%2Fcollection%2Frestaurant-guide,,,,
48,Momofuku Ssam Bar,https://www.nytimes.com/2017/10/31/dining/momofuku-ssam-bar-review.html?rref=collection%2Fcollection%2Frestaurant-guide,7CdpBlw4NLaOLzfFL9IEUg,3.5,,
49,Boishakhi,https://www.nytimes.com/2017/10/26/dining/boishakhi-review-bangladeshi-restaurant-queens.html?rref=collection%2Fcollection%2Frestaurant-guide,,,,
50,Yuan,https://www.nytimes.com/2017/10/19/dining/yuan-review-chinese-noodles-nyc.html?rref=collection%2Fcollection%2Frestaurant-guide,xtxcAUvrD4dWHJd0cwvW1A,4,,
51,The Pool,https://www.nytimes.com/2017/10/17/dining/the-pool-review.html?rref=collection%2Fcollection%2Frestaurant-guide,OR9oqAJW-U5ZnqhwH12Nuw,4,,
52,Benyam,https://www.nytimes.com/2017/10/12/dining/ethiopian-food-benyam-review-harlem.html?rref=collection%2Fcollection%2Frestaurant-guide,e64Y17DJgjotSz8B9gEI7Q,4.5,,
53,Public Kitchen,https://www.nytimes.com/2017/10/10/dining/public-kitchen-review-jean-georges-vongerichten-nyc.html?rref=collection%2Fcollection%2Frestaurant-guide,seGYMEYsw6F_H33Md1E1dA,4,,
54,My Cuban Spot,https://www.nytimes.com/2017/10/05/dining/my-cuban-spot-review-brooklyn.html?rref=collection%2Fcollection%2Frestaurant-guide,,,,
55,Kopi Kopi,https://www.nytimes.com/2017/09/28/dining/indonesian-food-kopi-kopi-warung-selasa-review.html?rref=collection%2Fcollection%2Frestaurant-guide,8TfhQaCxux6Eq8SK8iqyoQ,5,,
56,Warung Selasa,https://www.nytimes.com/2017/09/28/dining/indonesian-food-kopi-kopi-warung-selasa-review.html?rref=collection%2Fcollection%2Frestaurant-guide,28CNHYULci66pJAz-0_pOg,4,,
57,Cervo’s,https://www.nytimes.com/2017/09/26/dining/cervos-review-restaurant.html?rref=collection%2Fcollection%2Frestaurant-guide,VA5axRu3No9IvHVu86zAvQ,4.5,,
58,Wu’s Wonton King,https://www.nytimes.com/2017/09/21/dining/wus-wonton-king-review-chinese-restaurant-nyc.html?rref=collection%2Fcollection%2Frestaurant-guide,iIcUpEOjMLuzAIfyY_vgYA,3.5,,
59,Prune,https://www.nytimes.com/2017/09/19/dining/prune-review.html?rref=collection%2Fcollection%2Frestaurant-guide,8tcFpd0dcmfzbLgbTO4tdw,4,,
60,Tradita,https://www.nytimes.com/2017/09/14/dining/tradita-review-albanian-restaurant-bronx.html?rref=collection%2Fcollection%2Frestaurant-guide,bOMXop8H92zupzxlVulfoA,4,,
61,Razza,https://www.nytimes.com/2017/09/12/dining/razza-pizza-review-jersey-city.html?rref=collection%2Fcollection%2Frestaurant-guide,1Ed-tb_0dBGrXfsYyehmvg,4,,
62,Prontito,https://www.nytimes.com/2017/09/07/dining/prontito-review-colombian-food-queens.html?rref=collection%2Fcollection%2Frestaurant-guide,j0n_poMVZnODYOFviLbh0Q,4.5,,
63,While in Kathmandu,https://www.nytimes.com/2017/08/31/dining/while-in-kathmandu-review-queens.html?rref=collection%2Fcollection%2Frestaurant-guide,GVaTZnN7a-DkrK57l7BbGw,4,,
64,Sami’s Kabab House,https://www.nytimes.com/2017/08/24/dining/samis-kabab-house-review-queens.html?rref=collection%2Fcollection%2Frestaurant-guide,Myp2rEB3yEcdaZIRe0S3Ww,3.5,,
65,The Grill,https://www.nytimes.com/2017/08/22/dining/the-grill-review-midtown.html?rref=collection%2Fcollection%2Frestaurant-guide,u3YHSsqkj-7Z1moxVWZCsg,3.5,,
66,Factory Tamal,https://www.nytimes.com/2017/08/17/dining/factory-tamal-review-mexican-food.html?rref=collection%2Fcollection%2Frestaurant-guide,2tTUnW5filzR3YG-G7rZ0w,5,,
67,Made Nice,https://www.nytimes.com/2017/08/15/dining/made-nice-restaurant-review.html?rref=collection%2Fcollection%2Frestaurant-guide,N81_5xlY7dpEqrygi8lVOA,3.5,,
68,Nur,https://www.nytimes.com/2017/08/08/dining/nur-review-middle-eastern-restaurant.html?rref=collection%2Fcollection%2Frestaurant-guide,SyEi1P5FKCBiAIZ14RggmA,4.5,,
69,Guan Fu Sichuan,https://www.nytimes.com/2017/08/01/dining/guan-fu-sichuan-review.html?rref=collection%2Fcollection%2Frestaurant-guide,eybrq-0U5suwVtjWJPCaqw,3.5,,
70,Playground,https://www.nytimes.com/2017/07/27/dining/playground-review-thai-food-queens.html?rref=collection%2Fcollection%2Frestaurant-guide,UtaQOLAlY3HbBVa5OYvh8A,3.5,,
71,Atla,https://www.nytimes.com/2017/07/25/dining/atla-review-mexican-restaurant-noho.html?rref=collection%2Fcollection%2Frestaurant-guide,fXbktwTnRNpx5GtHVhNkKw,4,,
72,969 NYC Coffee,https://www.nytimes.com/2017/07/20/dining/969-nyc-coffee-review-japanese-food.html?rref=collection%2Fcollection%2Frestaurant-guide,IQhtCTvorekeqbJr4Zf0Lg,4.5,,
73,Hanoi House,https://www.nytimes.com/2017/07/13/dining/vietnamese-restaurant-nyc-hanoi-house-madame-vo-review.html?rref=collection%2Fcollection%2Frestaurant-guide,rkeH5HJIuX7ZcOaYNum9xA,3.5,,$$
74,Madame Vo,https://www.nytimes.com/2017/07/13/dining/vietnamese-restaurant-nyc-hanoi-house-madame-vo-review.html?rref=collection%2Fcollection%2Frestaurant-guide,4LV-7hGnfimAhoAuYhgvEg,3.5,,
75,Little Tong Noodle Shop,https://www.nytimes.com/2017/07/11/dining/little-tong-noodle-shop-review-east-village.html?rref=collection%2Fcollection%2Frestaurant-guide,IBmZcsqsk8mVmQPY8zKqgw,4,,
76,King Tut Pie,https://www.nytimes.com/2017/07/06/dining/king-tut-pie-review-egyptian-food-brooklyn.html?rref=collection%2Fcollection%2Frestaurant-guide,FogLdooqSzKbmkwMGSwDiQ,4,,
77,ABCV,https://www.nytimes.com/2017/07/03/dining/abcv-review-vegetables-restaurant-jean-georges-vongerichten.html?rref=collection%2Fcollection%2Frestaurant-guide,-4pMakL1204UWQMZho5-Lw,4.5,,
78,Empellón,https://www.nytimes.com/2017/06/27/dining/empellon-review-mexican-midtown.html?rref=collection%2Fcollection%2Frestaurant-guide,Scs2L-4imyt_lorJ6biFKA,4.5,,
79,Queens Night Market,https://www.nytimes.com/2017/06/22/dining/queens-night-market-review.html?rref=collection%2Fcollection%2Frestaurant-guide,hXqrA_Z3jZ8Q1O6ZehWSwQ,4.5,,$$
80,Don Peppe,https://www.nytimes.com/2017/06/20/dining/don-peppe-review-italian-american-restaurant-queens.html?rref=collection%2Fcollection%2Frestaurant-guide,CAXzWJyV2UzYMAImM_YkWA,4,,
81,Tama,https://www.nytimes.com/2017/06/15/dining/tama-review-filipino-restaurant-brooklyn.html?rref=collection%2Fcollection%2Frestaurant-guide,PWFK0nvJ23Xkk_B4C5Q4Aw,4.5,,
82,Bep Ga,https://www.nytimes.com/2017/06/08/dining/bep-ga-review-vietnamese-restaurant-chinatown.html?rref=collection%2Fcollection%2Frestaurant-guide,nHU9WZRVASyqguAIqLXK8w,4,,
83,King,https://www.nytimes.com/2017/06/06/dining/king-restaurant-review-soho.html?rref=collection%2Fcollection%2Frestaurant-guide,Xa91UwBtZaUPpTygSm3qSw,4,,
84,Western Yunnan Crossing Bridge Noodle,https://www.nytimes.com/2017/06/02/dining/western-yunnan-crossing-bridge-noodle-chinese-soup-restaurant-review.html?rref=collection%2Fcollection%2Frestaurant-guide,FMwu9h0KUl3mFDuE-WDbcw,4,,
85,Pinch Chinese,https://www.nytimes.com/2017/05/30/dining/tim-ho-wan-review-pinch-chinese-restaurant-dim-sum-dumpling.html?rref=collection%2Fcollection%2Frestaurant-guide,SZQqAil4kuXhNCLR7_6khg,4,,$$
86,Tim Ho Wan,https://www.nytimes.com/2017/05/30/dining/tim-ho-wan-review-pinch-chinese-restaurant-dim-sum-dumpling.html?rref=collection%2Fcollection%2Frestaurant-guide,FkA9aoMhWO4XKFMTuTnl4Q,3.5,,
87,Awang Kitchen,https://www.nytimes.com/2017/05/26/dining/awang-kitchen-review-indonesian-restaurant.html?rref=collection%2Fcollection%2Frestaurant-guide,cLxp5gIPWIhmvpmdPo7BsA,4.5,,
88,Italienne,https://www.nytimes.com/2017/05/22/dining/italienne-review-restaurant-jared-sippel.html?rref=collection%2Fcollection%2Frestaurant-guide,bZQryeTD6hIsT6lSUxzSSw,4,,
89,Hi-Collar,https://www.nytimes.com/2017/05/18/dining/hi-collar-japanese-restaurant.html?rref=collection%2Fcollection%2Frestaurant-guide,m2Zsy2UAkcDf0cRzk2Yoqw,4,,
90,Pig Bleecker,https://www.nytimes.com/2017/05/16/dining/pig-bleecker-review-greenwich-village.html?rref=collection%2Fcollection%2Frestaurant-guide,x64xHVZoQj1ZOjzPqVprkw,4,,
91,Caffé Lanka,https://www.nytimes.com/2017/05/11/dining/caffe-lanka-review-sri-lankan-restaurant.html?rref=collection%2Fcollection%2Frestaurant-guide,tSL-m56i_b8muApMagaanQ,4,,
92,Atoboy,https://www.nytimes.com/2017/05/09/dining/atoboy-review-korean-restaurant-nyc.html?rref=collection%2Fcollection%2Frestaurant-guide,1gK-0_lGqjxbwiHWcXXdzg,4,,
93,La Esquina del Camarón Mexicano,https://www.nytimes.com/2017/05/04/dining/la-esquina-del-camaron-mexicano-review.html?rref=collection%2Fcollection%2Frestaurant-guide,WyiTT3VHjzowMnOnUpZ7TQ,4,,
94,Loring Place,https://www.nytimes.com/2017/05/02/dining/loring-place-review-greenwich-village.html?rref=collection%2Fcollection%2Frestaurant-guide,r4FfpVF0v48QznLawd4w8w,3.5,,
95,Together,https://www.nytimes.com/2017/04/27/dining/together-restaurant-review-burmese-food.html?rref=collection%2Fcollection%2Frestaurant-guide,vXYFa2qzppkGiOiVPrLwDQ,4,,
96,Union Square Cafe,https://www.nytimes.com/2017/04/25/dining/union-square-cafe-review.html?rref=collection%2Fcollection%2Frestaurant-guide,AOruLMQHtKQd42lJN1nWlg,4,,
97,La Roja de Todos,https://www.nytimes.com/2017/04/20/dining/la-roja-de-todos-review-chilean-food-corona-queens.html?rref=collection%2Fcollection%2Frestaurant-guide,hg9XXLb2AeJHJ7eX-6JnMg,4.5,,
98,Wafa’s Express,https://www.nytimes.com/2017/04/13/dining/wafas-express-review.html?rref=collection%2Fcollection%2Frestaurant-guide,HJg9TbpyWvb6-AFPdb7NCA,4,,
99,Torishin,https://www.nytimes.com/2017/04/11/dining/torishin-review-japanese-yakitori.html?rref=collection%2Fcollection%2Frestaurant-guide,71_8yA0L_FCwfgC-8KQjXA,3.5,,
100,Mama Lee,http://www.nytimes.com/2017/04/06/dining/mama-lee-review-taiwanese-food-queens.html?rref=collection%2Fcollection%2Frestaurant-guide,MdDj13LgIs0WdbIdiyqB7Q,4,,
101,Babbo,https://www.nytimes.com/2017/04/04/dining/babbo-review-pete-wells.html?rref=collection%2Fcollection%2Frestaurant-guide,SyvC0s3y0ZrtnLbwnvw7tw,3.5,,
102,Augustine,http://www.nytimes.com/2017/03/28/dining/augustine-review-french-food-nyc-keith-mcnally.html?rref=collection%2Fcollection%2Frestaurant-guide,dJdIEYv56jTBkU6hAnSypw,4.5,,
103,Sugarfish by Sushi Nozawa,http://www.nytimes.com/2017/03/21/dining/sugarfish-by-sushi-nozawa-review.html?rref=collection%2Fcollection%2Frestaurant-guide,-7iUpGTNDdy4WjxLGYp-_g,4.5,,
104,Butterfunk Kitchen,http://www.nytimes.com/2017/03/09/dining/butterfunk-kitchen-review-soul-food-brooklyn.html?rref=collection%2Fcollection%2Frestaurant-guide,7rxg-tWPc1jK7Cikn5R86g,4,,
105,Little Egypt,http://www.nytimes.com/2017/03/02/dining/little-egypt-review-ridgewood-queens-restaurant.html?rref=collection%2Fcollection%2Frestaurant-guide,G-lgChurQ6xYYWdi7LuwyQ,3.5,,
106,Weekender Billiard,http://www.nytimes.com/2017/02/23/dining/bhutanese-food-weekender-billiard-review.html?rref=collection%2Fcollection%2Frestaurant-guide,NydHMLL3iWR52oMd1s0GIQ,4.5,,
107,Sahib,http://www.nytimes.com/2017/02/21/dining/sahib-review-indian-restaurant-nyc.html?rref=collection%2Fcollection%2Frestaurant-guide,RYoc4EBUNOtgbg7c32OG9A,4.5,,
108,Cafe Lily,http://www.nytimes.com/2017/02/16/dining/cafe-lily-review-bensonhurst-korean-uzbek.html?rref=collection%2Fcollection%2Frestaurant-guide,6eihmCzFJvolelWSW7-VPQ,4.5,,
109,Chinese Tuxedo,http://www.nytimes.com/2017/02/14/dining/chinese-tuxedo-restaurant-review.html?rref=collection%2Fcollection%2Frestaurant-guide,AKHA6ZU8uM3vmLwH2hqH_A,4.5,,
110,Dek Sen,http://www.nytimes.com/2017/02/09/dining/dek-sen-review-thai-food-elmhurst-queens.html?rref=collection%2Fcollection%2Frestaurant-guide,MDWt-rtGxUnIcpIi-817Rg,4,,
111,White Gold Butchers,https://www.nytimes.com/2017/02/07/dining/white-gold-butchers-review-april-bloomfield-restaurant.html?rref=collection%2Fcollection%2Frestaurant-guide,lXGCo-K7eftxRT_6E59-Iw,4,,
112,The Gumbo Bros,http://www.nytimes.com/2017/02/02/dining/the-gumbo-bros-review-brooklyn.html?rref=collection%2Fcollection%2Frestaurant-guide,#NAME?,4.5,,
113,Chumley’s,http://www.nytimes.com/2017/01/31/dining/chumleys-review-bar-west-village.html?rref=collection%2Fcollection%2Frestaurant-guide,41kYchR12Eclmp1w_EzpfA,4.5,,$$
114,F.O.B.,http://www.nytimes.com/2017/01/26/dining/fob-review-filipino-restaurant-brooklyn.html?rref=collection%2Fcollection%2Frestaurant-guide,4Jp0wdJXLpmgCwWv6o6YEQ,4,,
115,Fowler & Wells,http://www.nytimes.com/2017/01/24/dining/fowler-and-wells-restaurant-review-beekman-hotel.html?rref=collection%2Fcollection%2Frestaurant-guide,ieOIBz6Gfqmwm1B0wUzh9g,4.5,,
116,Lhasa Fast Food,http://www.nytimes.com/2017/01/19/dining/lhasa-fast-food-review-queens.html?rref=collection%2Fcollection%2Frestaurant-guide,#NAME?,4,,
117,Ichiran,http://www.nytimes.com/2017/01/17/dining/ichiran-review-ramen-brooklyn.html?rref=collection%2Fcollection%2Frestaurant-guide,,,,
118,Very Fresh Noodles,http://www.nytimes.com/2017/01/12/dining/very-fresh-noodles-review-chelsea-market-manhattan.html?rref=collection%2Fcollection%2Frestaurant-guide,FyFeyjndrXHDnN-z9-qv_w,3.5,,
119,Flora Bar,http://www.nytimes.com/2017/01/10/dining/flora-bar-review.html?rref=collection%2Fcollection%2Frestaurant-guide,0ePn6TQSJQky4ueKeGQvpQ,4,,
120,Karu Café,http://www.nytimes.com/2017/01/05/dining/karu-cafe-review-woodside-queens.html?rref=collection%2Fcollection%2Frestaurant-guide,JH2vhNxA2MNRtaL4a2B4tQ,4,,
121,The Odeon,http://www.nytimes.com/2016/12/27/dining/the-odeon-review.html?rref=collection%2Fcollection%2Frestaurant-guide,SU_l4Zf7TLTPD0F9eH_oEg,4,,
122,Cut by Wolfgang Puck,http://www.nytimes.com/2016/12/20/dining/cut-by-wolfgang-puck-review.html?rref=collection%2Fcollection%2Frestaurant-guide,XzKGxGoKCCNqTolEPXQwHw,4.5,,
123,Pata Cafe,http://www.nytimes.com/2016/12/15/dining/pata-cafe-review-thai-food-elmhurst-queens.html?rref=collection%2Fcollection%2Frestaurant-guide,zzZ366NuT7PCfVuPAySnaw,4.5,,
124,Aska,http://www.nytimes.com/2016/12/06/dining/aska-review-brooklyn.html?rref=collection%2Fcollection%2Frestaurant-guide,m9Q9x-Hcxp24gZCaTTJY-A,4,,
125,MaLa Project,http://www.nytimes.com/2016/12/01/dining/mala-project-review-sichuan-east-village.html?rref=collection%2Fcollection%2Frestaurant-guide,80h4Y4OwRBzSZqH1-0i35g,4.5,,
126,Mumbai Xpress,http://www.nytimes.com/2016/11/25/dining/mumbai-xpress-review-queens.html?rref=collection%2Fcollection%2Frestaurant-guide,CesS-E8Q3ztX6VnkXO6wBg,3.5,,
127,Alimentos Saludables,http://www.nytimes.com/2016/11/23/dining/alimentos-saludables-review-brooklyn-tamales.html?rref=collection%2Fcollection%2Frestaurant-guide,inftQdKaEEiqQ323AlomXg,4,,
128,Fish Cheeks,http://www.nytimes.com/2016/11/22/dining/fish-cheeks-review-restaurant-noho.html?rref=collection%2Fcollection%2Frestaurant-guide,JAMTUBtdGZqRSEli6u_nHw,3.5,,
129,Thursday Kitchen,http://www.nytimes.com/2016/11/16/dining/thursday-kitchen-review-korean-restaurant-east-village.html?rref=collection%2Fcollection%2Frestaurant-guide,vW7sMAxt4YcUS8tWONaX2g,4.5,,
130,TsuruTonTan Udon Noodle Brasserie,https://www.nytimes.com/2016/11/16/dining/tsurutontan-udon-noodle-brasserie-restaurant-review.html?rref=collection%2Fcollection%2Frestaurant-guide,5OfCQDtwqKiYAcsi-NABjQ,3.5,,
131,Paowalla,http://www.nytimes.com/2016/11/09/dining/paowalla-review.html?rref=collection%2Fcollection%2Frestaurant-guide,xymropCDcEvCYGKC0AKe-w,4,,
132,Violet’s Bake Shoppe,http://www.nytimes.com/2016/11/09/dining/violets-bake-shoppe-review-queens.html?rref=collection%2Fcollection%2Frestaurant-guide,wua1Rw6xlIm6VYVy44G87g,3.5,,
133,Divine Flavored Nigerian Food Truck,https://www.nytimes.com/2016/11/02/dining/divine-flavored-nigerian-food-truck-review.html?rref=collection%2Fcollection%2Frestaurant-guide,6YsCjSkCoUJ6rVDJe04Yuw,4.5,,
134,Le Coucou,https://www.nytimes.com/2016/11/02/dining/le-coucou-review.html?rref=collection%2Fcollection%2Frestaurant-guide,l7G5tDA96xbA_bx1ZgkOeg,3.5,,$$
135,Sushi on Jones,http://www.nytimes.com/2016/10/26/dining/sushi-on-jones-review.html?rref=collection%2Fcollection%2Frestaurant-guide,oe8GEFE4QLFAKt87y7zcgA,4,,
136,The Beatrice Inn,http://www.nytimes.com/2016/10/26/dining/beatrice-inn-review.html?rref=collection%2Fcollection%2Frestaurant-guide,z_-ITx8x-WUhz5FnC6Y8BQ,3.5,,
137,Great Northern Food Hall,http://www.nytimes.com/2016/10/19/dining/great-northern-food-hall-review.html?rref=collection%2Fcollection%2Frestaurant-guide,3H4FH_pYolFe_PQmFewRzA,4.5,,
138,Karasu,http://www.nytimes.com/2016/10/19/dining/karasu-zadies-oyster-room-review.html?rref=collection%2Fcollection%2Frestaurant-guide,P2CTp4xyaNCe2AXSiLeOSQ,4,,
139,Zadie's Oyster Room,http://www.nytimes.com/2016/10/19/dining/karasu-zadies-oyster-room-review.html?rref=collection%2Fcollection%2Frestaurant-guide,q202UCgXiL2H53LsHeDsQA,3.5,,
140,Pondicheri,http://www.nytimes.com/2016/10/12/dining/pondicheri-restaurant-review.html?rref=collection%2Fcollection%2Frestaurant-guide,Eyn7hQENF8R9DrBwBHO6lQ,4.5,,
141,The Chinese Club,http://www.nytimes.com/2016/10/12/dining/chinese-club-review-williamsburg.html?rref=collection%2Fcollection%2Frestaurant-guide,UM3DuPsG6UKdmsC23O_Icw,4.5,,
142,Joy Luck Palace,http://www.nytimes.com/2016/10/05/dining/dim-sum-joy-luck-palace-chinatown.html?rref=collection%2Fcollection%2Frestaurant-guide,Kqb7MjTPNkjPMoFRd-rWpw,4,,
143,Sauvage,http://www.nytimes.com/2016/09/28/dining/sauvage-restaurant-review.html?rref=collection%2Fcollection%2Frestaurant-guide,SMGsYvfRNIlJc8ZgUjXQow,2,,
144,Tong Sam Gyup Goo Yi,http://www.nytimes.com/2016/09/28/dining/korean-bbq-tong-sam-gyup-goo-yi-flushing-queens.html?rref=collection%2Fcollection%2Frestaurant-guide,xpW1GmI-IETWNGwMl11cBg,4,,
145,2nd City,http://www.nytimes.com/2016/09/21/dining/2nd-city-west-village-swell-dive-bedford-stuyvesant.html?rref=collection%2Fcollection%2Frestaurant-guide,01QgNCtuW0rZXlwY8dGCrw,4.5,,
146,Günter Seeger NY,http://www.nytimes.com/2016/09/21/dining/gunter-seeger-ny-review.html?rref=collection%2Fcollection%2Frestaurant-guide,WJS06XxRdc6DD1s4LWE9HA,4,,
147,Swell Dive,http://www.nytimes.com/2016/09/21/dining/2nd-city-west-village-swell-dive-bedford-stuyvesant.html?rref=collection%2Fcollection%2Frestaurant-guide,fVbUVAiLiGgLA_nxBFxyww,4.5,,
148,Hao Noodle and Tea by Madam Zhu’s Kitchen,http://www.nytimes.com/2016/09/14/dining/hao-noodle-and-tea-by-madam-zhus-kitchen-review.html?rref=collection%2Fcollection%2Frestaurant-guide,J9UA6rzI5WW_cDGjwDnF5g,4,,
149,Woodside Cafe,http://www.nytimes.com/2016/09/14/dining/nepalese-food-woodside-cafe-queens.html?rref=collection%2Fcollection%2Frestaurant-guide,fm9cTs8-LdtTvRltHKIK3Q,3.5,,
150,Tsion Cafe,http://www.nytimes.com/2016/09/07/dining/tsion-cafe-harlem.html?rref=collection%2Fcollection%2Frestaurant-guide,fyMvuxZBN5W6aRJrIJVm9A,4,,$
152,Dizengoff,http://www.nytimes.com/2016/08/31/dining/dizengoff-gyro96-nyc.html?rref=collection%2Fcollection%2Frestaurant-guide,obFs12x7mgYPGxgalBd22w,4,,
153,Gyro96,http://www.nytimes.com/2016/08/31/dining/dizengoff-gyro96-nyc.html?rref=collection%2Fcollection%2Frestaurant-guide,jR09vZmJnwKPw4DyMxgwnw,4,,
154,Bolivian Llama Party,http://www.nytimes.com/2016/08/24/dining/bolivian-llama-party-nyc.html?rref=collection%2Fcollection%2Frestaurant-guide,vTwc9qWomRIftDEIyeBDAQ,3,,
155,Bohemian Spirit,http://www.nytimes.com/2016/08/17/dining/bohemian-spirit-restaurant-yorkville-upper-east-side.html?rref=collection%2Fcollection%2Frestaurant-guide,s29dItNA_qBmeGhrvnkSCA,4,,
156,Gramercy Tavern,http://www.nytimes.com/2016/08/17/dining/gramercy-tavern-review.html?rref=collection%2Fcollection%2Frestaurant-guide,eyjeP9CJZ_gYgeJFP_vtpQ,4.5,,
157,Olmsted,http://www.nytimes.com/2016/08/10/dining/olmsted-restaurant-review.html?rref=collection%2Fcollection%2Frestaurant-guide,p_YuOfkcjZP9g0omryT31Q,4.5,,
158,Agern,http://www.nytimes.com/2016/08/03/dining/agern-restaurant-review.html?rref=collection%2Fcollection%2Frestaurant-guide,uy7QmtN9Sdb8z5hm2_VZSQ,4,,
159,Dawa’s,http://www.nytimes.com/2016/07/27/dining/dawas-restaurant-queens-tibetan-food.html?rref=collection%2Fcollection%2Frestaurant-guide,sMoKKcyUslHmHe0NmCYgfg,4,,
160,Pasquale Jones,http://www.nytimes.com/2016/07/27/dining/pasquale-jones-review-little-italy.html?rref=collection%2Fcollection%2Frestaurant-guide,mpxgyGnJsomLOzKRsCK1TA,3,,
161,Beach Bistro 96,http://www.nytimes.com/2016/07/20/dining/brazilian-food-rockaways-beach-bistro-96.html?rref=collection%2Fcollection%2Frestaurant-guide,ys6rqS7Cr1IZ2kB1TNYE4w,3.5,,
162,Burma Noodle Bar,http://www.nytimes.com/2016/07/13/dining/burmese-food-new-york.html?rref=collection%2Fcollection%2Frestaurant-guide,6gD2rXvCO10sFxB4P4WixQ,4,,$$
163,Burmese Bites,http://www.nytimes.com/2016/07/13/dining/burmese-food-new-york.html?rref=collection%2Fcollection%2Frestaurant-guide,ux0VSvX7nGaC3YqamjhL9Q,4,,$$
164,Mimi,http://www.nytimes.com/2016/07/13/dining/mimi-restaurant-review.html?rref=collection%2Fcollection%2Frestaurant-guide,2Ugmqz5WYg_kACr8pKPrYA,4.5,,
165,Nix,http://www.nytimes.com/2016/07/06/dining/nix-restaurant-review-greenwich-village.html?rref=collection%2Fcollection%2Frestaurant-guide,keOMomcnyrJEQvFtfEYadg,4,,
166,Phil-Am Kusina,http://www.nytimes.com/2016/07/06/dining/phil-am-kusina-filipino-food-staten-island.html?rref=collection%2Fcollection%2Frestaurant-guide,scTDvJ2M2jDbb1ntVeIyxA,3.5,,
167,Freek’s Mill,http://www.nytimes.com/2016/06/29/dining/freeks-mill-review.html?rref=collection%2Fcollection%2Frestaurant-guide,7X3hB3KtkHVKk1GZKAnlbA,3.5,,
168,The Crabby Shack,http://www.nytimes.com/2016/06/29/dining/the-crabby-shack-seafood-restaurant-crown-heights.html?rref=collection%2Fcollection%2Frestaurant-guide,vGQRmWKrR_x-JAyeCT5F1A,4,,
169,District Saigon,http://www.nytimes.com/2016/06/22/dining/district-saigon-vietnamese-restaurant-queens.html?rref=collection%2Fcollection%2Frestaurant-guide,lAfZ2bVbNcWEgnTW6mzfuA,4,,
170,Grünauer Bistro,http://www.nytimes.com/2016/06/22/dining/grunauer-bistro-review.html?rref=collection%2Fcollection%2Frestaurant-guide,aGv9UFGKSHfTS26dzaU43g,4.5,,
171,Caridad China,http://www.nytimes.com/2016/06/15/dining/caridad-china-restaurant-brooklyn.html?rref=collection%2Fcollection%2Frestaurant-guide,TltwCBJXifqJ1Ruy3qCKyQ,4,,
172,Le Coq Rico,http://www.nytimes.com/2016/06/15/dining/le-coq-rico-review.html?rref=collection%2Fcollection%2Frestaurant-guide,yrXECkTezsI0Twgalc7M-A,4.5,,
173,B & K French Cuisine,http://www.nytimes.com/2016/06/08/dining/b-and-k-french-cuisine-harlem-hungry-city.html?rref=collection%2Fcollection%2Frestaurant-guide,NirY5TkWZBNuuAgbjdG0AA,4,,
174,La Sirena,http://www.nytimes.com/2016/06/08/dining/la-sirena-restaurant-review.html?rref=collection%2Fcollection%2Frestaurant-guide,veq1Bl1DW3UWMekZJUsG1Q,4.5,,
175,Nabaya,http://www.nytimes.com/2016/06/01/dining/hungry-city-nabaya-restaurant-bronx.html?rref=collection%2Fcollection%2Frestaurant-guide,Ulr_Nyp2nvt82EPH_BiftA,4,,
176,Ruffian Wine Bar & Chef’s Table,http://www.nytimes.com/2016/06/01/dining/mr-donahues-ruffian-wine-bar-restaurant-review.html?rref=collection%2Fcollection%2Frestaurant-guide,hlJnwmsxFQ9uB3JtRwJQJg,4,,
177,Indian Accent,http://www.nytimes.com/2016/05/25/dining/indian-accent-restaurant-review.html?rref=collection%2Fcollection%2Frestaurant-guide,lcI9kOcRqxxMhM4b5pHqsg,4.5,,
178,King of Falafel & Shawarma,http://www.nytimes.com/2016/05/25/dining/king-of-falafel-astoria-hungry-city.html?rref=collection%2Fcollection%2Frestaurant-guide,AWeQkgJ0uzNr5YxFr2Bx8g,3.5,,
179,Momofuku Nishi,http://www.nytimes.com/2016/05/18/dining/momofuku-nishi-review.html?rref=collection%2Fcollection%2Frestaurant-guide,f2DevPBn93EdzBL0I0CQ9Q,4.5,,
180,Taiwan Bear House,http://www.nytimes.com/2016/05/18/dining/taiwan-bear-house-hungry-city.html?rref=collection%2Fcollection%2Frestaurant-guide,t1Pv_ScBZpyZjtN-sqlhbg,4,,
181,Angela’s,http://www.nytimes.com/2016/05/11/dining/angelas-caribbean-bed-stuy-hungry-city.html?rref=collection%2Fcollection%2Frestaurant-guide,UPWw9bfj0-7CJqxTIY8gxg,5,,
182,Café Altro Paradiso,http://www.nytimes.com/2016/05/11/dining/cafe-altro-paradiso-review.html?rref=collection%2Fcollection%2Frestaurant-guide,mjGdtrh0tX7I91GM9dlMNg,4,,
183,Anton’s Dumplings,http://www.nytimes.com/2016/05/04/dining/antons-dumplings-babushka-cafe-greenwich-village.html?rref=collection%2Fcollection%2Frestaurant-guide,DodCeSN_hkXCJDoJ0uVxKg,4,,
184,Chaiwali,http://www.nytimes.com/2016/04/27/dining/chaiwali-review-indian-food-harlem.html?rref=collection%2Fcollection%2Frestaurant-guide,MOTZjYcyAwqUhxXIrrfoww,4.5,,
185,El Molcajete,http://www.nytimes.com/2016/04/27/dining/hungry-city-el-molcajete-restaurant-bronx.html?rref=collection%2Fcollection%2Frestaurant-guide,2RgpeADI0A9U4Gz5lke8cg,4,,$$$
186,Bite of Hong Kong,http://www.nytimes.com/2016/04/20/dining/hungry-city-bite-of-hong-kong-chinatown.html?rref=collection%2Fcollection%2Frestaurant-guide,uAy3zyNCmDPO0RpdGjEAdg,4,,
187,The Spotted Pig,http://www.nytimes.com/2016/04/20/dining/salvation-burger-spotted-pig-review.html?rref=collection%2Fcollection%2Frestaurant-guide,YjkEjOJ05z4MVDmbrWvWdQ,4,,
188,BK Jani,http://www.nytimes.com/2016/04/13/dining/bk-jani-pakistani-restaurant-brooklyn.html?rref=collection%2Fcollection%2Frestaurant-guide,TC6mrFU6T1txRrxmGtF3nA,4,,
189,I Sodi,http://www.nytimes.com/2016/04/13/dining/i-sodi-restaurant-review.html?rref=collection%2Fcollection%2Frestaurant-guide,DjLxykRuP8OFtGtPPZpfdQ,4,,
190,Le Turtle,http://www.nytimes.com/2016/04/06/dining/le-turtle-restaurant-review.html?rref=collection%2Fcollection%2Frestaurant-guide,ckA5dhV4ve-QZXUBFI6TUA,4,,
191,Lilia,http://www.nytimes.com/2016/03/30/dining/lilia-restaurant-review.html?rref=collection%2Fcollection%2Frestaurant-guide,MyHqb7VaNfNysHWmOdXpIA,4.5,,
192,Angkor Cambodian Bistro,http://www.nytimes.com/2016/03/23/dining/hungry-city-angkor-cambodian-bistro-upper-east-side.html?rref=collection%2Fcollection%2Frestaurant-guide,kpoFMjX8cIPeoWR1C-CV6A,3.5,,
193,Insa,http://www.nytimes.com/2016/03/16/dining/insa-restaurant-review.html?rref=collection%2Fcollection%2Frestaurant-guide,WI05doY7Zskp-hfdCODRxQ,5,,
194,High Street on Hudson,http://www.nytimes.com/2016/03/09/dining/high-street-on-hudson-review.html?rref=collection%2Fcollection%2Frestaurant-guide,fFkqEyupjc5x2iJQIPcpLw,4.5,,$$
195,Yaso Tangbao,http://www.nytimes.com/2016/03/09/dining/hungry-city-yaso-tangbao-brooklyn.html?rref=collection%2Fcollection%2Frestaurant-guide,1_pK5aQ47atF50oAKHADhA,4.5,,
196,Leche y Miel Restaurant,http://www.nytimes.com/2016/03/02/dining/hungry-city-leche-y-miel-restaurant-the-bronx.html?rref=collection%2Fcollection%2Frestaurant-guide,deJwwVdY2L88MAMKxE5S7A,4,,
197,Little Pepper,http://www.nytimes.com/2016/02/24/dining/little-pepper-review.html?rref=collection%2Fcollection%2Frestaurant-guide,os09iVkYkzIg9G1xEIepiA,4,,
198,OatMeals,http://www.nytimes.com/2016/02/24/dining/hungry-city-oatmeals-greenwich-village.html?rref=collection%2Fcollection%2Frestaurant-guide,za9mYaRVWkwKkQfjRgvU0g,4,,
199,Kichin,http://www.nytimes.com/2016/02/17/dining/hungry-city-kichin-williamsburg-brooklyn.html?rref=collection%2Fcollection%2Frestaurant-guide,RUL5ICRMDWEnJPbviJYVQA,4,,
200,East Coast Poké,http://www.nytimes.com/2016/02/10/dining/hungry-city-poke-nyc.html?rref=collection%2Fcollection%2Frestaurant-guide,uboO7T3XSnl8iq0uQWhMXA,3.5,,
201,Llama Inn,http://www.nytimes.com/2016/02/10/dining/llama-inn-review.html?rref=collection%2Fcollection%2Frestaurant-guide,zMV3am6rEoP43jLeHvzUeA,4.5,,
202,Pokéworks,http://www.nytimes.com/2016/02/10/dining/hungry-city-poke-nyc.html?rref=collection%2Fcollection%2Frestaurant-guide,B0IXsKwCk21hNQffYPJmHA,3.5,,
203,Sons of Thunder,http://www.nytimes.com/2016/02/10/dining/hungry-city-poke-nyc.html?rref=collection%2Fcollection%2Frestaurant-guide,qTWujv2b2ZuxJPiZFsqbFQ,4,,
204,Wisefish Poké,http://www.nytimes.com/2016/02/10/dining/hungry-city-poke-nyc.html?rref=collection%2Fcollection%2Frestaurant-guide,NjBgTtcJgdXKLvqYt3C8CQ,3.5,,
205,Africa Kine,http://www.nytimes.com/2016/02/03/dining/hungry-city-africa-kine-harlem.html?rref=collection%2Fcollection%2Frestaurant-guide,3LNcgFUGdwJil-KDQPZmdQ,3.5,,
206,Benoit,http://www.nytimes.com/2016/02/03/dining/benoit-review.html?rref=collection%2Fcollection%2Frestaurant-guide,QaXo7ZhglTcSWHLQ8QNY4A,4.5,,$$
207,Achilles Heel,http://www.nytimes.com/2016/01/27/dining/achilles-heel-resto-review.html?rref=collection%2Fcollection%2Frestaurant-guide,YoLxK5EG8UgnueKAe7hj0g,4,,
208,Pravue Cafe and Albanian Grill,http://www.nytimes.com/2016/01/27/dining/hungry-city-pravue-cafe-and-albanian-grill-ridgewood-queens.html?rref=collection%2Fcollection%2Frestaurant-guide,50vyTIdqKI_wsSqzaEtovg,4,,
209,Taste of Samarkand,http://www.nytimes.com/2016/01/20/dining/hungry-city-taste-of-samarkand-uzbek-restaurant-queens.html?rref=collection%2Fcollection%2Frestaurant-guide,zwOAiVT4pAmpNGXzj-t5MA,4,,
210,Per Se,http://www.nytimes.com/2016/01/13/dining/pete-wells-per-se-review.html?rref=collection%2Fcollection%2Frestaurant-guide,CaizM2WaGPX5eRLDOJaqIw,4.5,,
211,Sadelle’s,http://www.nytimes.com/2016/01/06/dining/sadelles-review.html?rref=collection%2Fcollection%2Frestaurant-guide,1vSx0gpTqro-N73NGKneEA,3.5,,
212,Kopitiam,http://www.nytimes.com/2015/12/09/dining/hungry-city-kopitiam-lower-east-side.html?rref=collection%2Fcollection%2Frestaurant-guide,Oq1mej1BYfjcdPKkM_5o8g,4,,
213,L’Amico,http://www.nytimes.com/2015/12/09/dining/sessanta-lamico-review.html?rref=collection%2Fcollection%2Frestaurant-guide,xH7mEjh4Rn6KdHjXYNoOjw,4,,
214,Sessanta,http://www.nytimes.com/2015/12/09/dining/sessanta-lamico-review.html?rref=collection%2Fcollection%2Frestaurant-guide,I1AqEw-O6spamgtJLNPjBg,4.5,,
215,Amaranto,http://www.nytimes.com/2015/12/02/dining/hungry-city-amaranto-bushwick-brooklyn.html?rref=collection%2Fcollection%2Frestaurant-guide,ipv4lBvbfVzCnSahqrJckQ,4,,
216,Vaucluse,http://www.nytimes.com/2015/12/02/dining/vaucluse-review.html?rref=collection%2Fcollection%2Frestaurant-guide,1Mqydw0kcU_dgRgsWpo_7g,4.5,,
217,By Chloe,http://www.nytimes.com/2015/11/25/dining/by-chloe-gets-poetic-with-vegan-in-the-west-village.html?rref=collection%2Fcollection%2Frestaurant-guide,ozkp8E5BGRg0gzjbFzuaEA,4.5,,
218,Tempura Matsui,http://www.nytimes.com/2015/11/18/dining/tempura-matsui-murray-hill-review.html?rref=collection%2Fcollection%2Frestaurant-guide,WIhm0W9197f_rRtDziq5qQ,4,,
219,Tito King’s Kitchen at Jimmy’s No. 43,http://www.nytimes.com/2015/11/18/dining/hungry-city-bago-tito-kings-kitchen-east-village.html?rref=collection%2Fcollection%2Frestaurant-guide,pyfIejcRwhpc1NzuJyd6FQ,4,,$$
220,Grandchamps,http://www.nytimes.com/2015/11/11/dining/grandchamps-welcomes-you-to-haiti-via-bedford-stuyvesant.html?rref=collection%2Fcollection%2Frestaurant-guide,BBPiBgyMmLX5RzaKCB0AeQ,4,,
221,Jams,http://www.nytimes.com/2015/11/11/dining/jams-jonathan-waxman-review.html?rref=collection%2Fcollection%2Frestaurant-guide,s8fqj5tqibEsRGXHMxhOEQ,4,,
222,Chomp Chomp,http://www.nytimes.com/2015/11/04/dining/chomp-chomp-review.html?rref=collection%2Fcollection%2Frestaurant-guide,lESxFswvOPUFUzj6HsTnqw,4.5,,
223,Schaller’s Stube,http://www.nytimes.com/2015/11/04/dining/hungry-city-schallers-stube-yorkville.html?rref=collection%2Fcollection%2Frestaurant-guide,IzY4xwbY7YqPoL_-xCSeRA,4,,
224,O Ya,http://www.nytimes.com/2015/10/28/dining/o-ya-review.html?rref=collection%2Fcollection%2Frestaurant-guide,Dx5TWQbJb7sRr7BRCz40xg,3.5,,
225,Timna,http://www.nytimes.com/2015/10/28/dining/hungry-city-timna-east-village.html?rref=collection%2Fcollection%2Frestaurant-guide,3gtheZvv3Or0YzWXIl3SJg,3.5,,
226,Asian Spicy Curry,http://www.nytimes.com/2015/10/21/dining/hungry-city-asian-spicy-curry-chinatown.html?rref=collection%2Fcollection%2Frestaurant-guide,Y331N32AeN-s5fFRe-bLuA,3.5,,
227,Bruno Pizza,http://www.nytimes.com/2015/10/21/dining/restaurant-review-bruno-east-village.html?rref=collection%2Fcollection%2Frestaurant-guide,fkrwjFipOrFzywuH-hwyJQ,4.5,,
228,Momofuku Ko,http://www.nytimes.com/2015/10/14/dining/restaurant-review-momofuku-ko-east-village.html?rref=collection%2Fcollection%2Frestaurant-guide,Itg3FiXNyf9NXKegy46Lwg,4,,
229,Safari,http://www.nytimes.com/2015/10/07/dining/hungry-city-safari-somali-restaurant-harlem.html?rref=collection%2Fcollection%2Frestaurant-guide,1DfbZ0VsSCg9g1KILmnvzQ,4.5,,
230,Wildair,http://www.nytimes.com/2015/10/07/dining/restaurant-review-wildair-on-the-lower-east-side.html?rref=collection%2Fcollection%2Frestaurant-guide,omIhyLydbGyFAjOdECIGJA,3.5,,
231,Goa Taco,http://www.nytimes.com/2015/09/30/dining/hungry-city-goa-taco-lower-east-side.html?rref=collection%2Fcollection%2Frestaurant-guide,mOL7TxRDJGutaEtVA8_hUg,3.5,,
232,Houseman,http://www.nytimes.com/2015/09/30/dining/restaurant-review-houseman-in-hudson-square.html?rref=collection%2Fcollection%2Frestaurant-guide,r2JVKalbucGf2nryywuL2w,4.5,,
233,Gabriel Kreuther,http://www.nytimes.com/2015/09/23/dining/restaurant-review-gabriel-kreuther-in-midtown.html?rref=collection%2Fcollection%2Frestaurant-guide,gTEoEsssfbjl76Opf5bP9g,3.5,,$$$
234,Lucy’s Vietnamese Kitchen,http://www.nytimes.com/2015/09/23/dining/hungry-city-lucys-vietnamese-kitchen-bushwick-brooklyn.html?rref=collection%2Fcollection%2Frestaurant-guide,E3G8CzSsZgU2bT6WYLsxRw,3.5,,
235,Casa Mono,http://www.nytimes.com/2015/09/16/dining/restaurant-review-casa-mono-gramercy.html?rref=collection%2Fcollection%2Frestaurant-guide,95a04LtXLX6gePhPEwff9A,4.5,,
236,Babu Ji,http://www.nytimes.com/2015/09/09/dining/hungry-city-babu-ji-east-village.html?rref=collection%2Fcollection%2Frestaurant-guide,KtL6xhVJZq6dzAYlfcHvyw,4,,
237,Superiority Burger,http://www.nytimes.com/2015/09/02/dining/restaurant-review-superiority-burger-in-the-east-village.html?rref=collection%2Fcollection%2Frestaurant-guide,GtfhGhWmr1kQ4EnFTlwg7w,4,,
238,The Food Sermon,http://www.nytimes.com/2015/09/02/dining/hungry-city-the-food-sermon-in-crown-heights-brooklyn.html?rref=collection%2Fcollection%2Frestaurant-guide,ieXKc6S3WlEiVkyxgaF9Ig,4.5,,
239,The Clocktower,http://www.nytimes.com/2015/08/26/dining/restaurant-review-the-clocktower-in-midtown-south.html?rref=collection%2Fcollection%2Frestaurant-guide,ohqZeuwInNokEj1f4_qUNw,3.5,,$$
240,Oiji,http://www.nytimes.com/2015/08/19/dining/restaurant-review-oiji-in-the-east-village.html?rref=collection%2Fcollection%2Frestaurant-guide,#NAME?,4.5,,
241,Chicks To Go,http://www.nytimes.com/2015/08/05/dining/hungry-city-chicks-to-go-in-the-rockaways.html?rref=collection%2Fcollection%2Frestaurant-guide,UNX40pcYuNtbAUFE84dgFw,3.5,,
242,Untitled,http://www.nytimes.com/2015/08/05/dining/restaurant-review-untitled-at-the-whitney-in-the-meatpacking-district.html?rref=collection%2Fcollection%2Frestaurant-guide,gdQnW4OB_oHjaf67Ir-lFg,3.5,,
243,El Rey Coffee Bar & Luncheonette,https://www.nytimes.com/2015/07/29/dining/restaurant-review-el-rey-coffee-bar-luncheonette-on-the-lower-east-side.html?rref=collection%2Fcollection%2Frestaurant-guide,Q6quwwLiwx_47SRd3tItvA,4,,
244,Langos Truck,http://www.nytimes.com/2015/07/29/dining/hungry-city-langos-truck.html?rref=collection%2Fcollection%2Frestaurant-guide,WHXgDm3kcU-aONfjR8tX0A,4.5,,
245,Kiki’s,http://www.nytimes.com/2015/07/22/dining/hungry-city-kikis-greek-tavern-in-chinatown.html?rref=collection%2Fcollection%2Frestaurant-guide,VR4Ki8V4f_B7GAGJSY9TRQ,4.5,,
246,The Handpulled Noodle,http://www.nytimes.com/2015/07/15/dining/hungry-city-the-handpulled-noodle-in-harlem.html?rref=collection%2Fcollection%2Frestaurant-guide,pepM7-yv4-jCT6S1nl6fPg,4.5,,
247,The Happiest Hour,http://www.nytimes.com/2015/07/08/dining/hungry-city-the-happiest-hour-in-greenwich-village.html?rref=collection%2Fcollection%2Frestaurant-guide,kLyS_dfIwCPdkVODMlkkeg,4,,
248,Noreetuh,http://www.nytimes.com/2015/06/24/dining/restaurant-reviews-noreetuh-the-eddy-in-the-east-village.html?rref=collection%2Fcollection%2Frestaurant-guide,GticI2JB8Iw2ktRfLv6aRQ,4.5,,
249,The Eddy,http://www.nytimes.com/2015/06/24/dining/restaurant-reviews-noreetuh-the-eddy-in-the-east-village.html?rref=collection%2Fcollection%2Frestaurant-guide,5mOzZ17qU_8ijlP54Q206Q,4.5,,
250,Blanca,http://www.nytimes.com/2015/06/17/dining/restaurant-review-blanca-in-bushwick-brooklyn.html?rref=collection%2Fcollection%2Frestaurant-guide,Jy0nQ1uI8KPvTv8nBZGdMg,4,,
251,I Love Paraguay,http://www.nytimes.com/2015/06/17/dining/hungry-city-i-love-paraguay-restaurant-in-sunnyside-queens.html?rref=collection%2Fcollection%2Frestaurant-guide,tIjQyHOubGeKRnx4wSwOeA,4.5,,
252,Mission Chinese Food,http://www.nytimes.com/2015/06/10/dining/restaurant-review-mission-chinese-food-on-the-lower-east-side.html?rref=collection%2Fcollection%2Frestaurant-guide,E3MkTTS4ZDjWV9YT5i6eUg,4,,
253,Okonomi,http://www.nytimes.com/2015/06/10/dining/hungry-city-okonomi-restaurant-williamsburg-brooklyn.html?rref=collection%2Fcollection%2Frestaurant-guide,pDwhlX9jNBGnjvyGR9jYWQ,4.5,,
254,Punda Tibetan,http://www.nytimes.com/2015/06/03/dining/hungry-city-punda-tibetan-sunnyside-queens.html?rref=collection%2Fcollection%2Frestaurant-guide,ooHTw6KGNXsKj5TmyHKVuQ,4,,$$
255,Crêpes Canaveral,http://www.nytimes.com/2015/05/27/dining/hungry-city-crepes-canaveral-restaurant-east-village.html?rref=collection%2Fcollection%2Frestaurant-guide,8PhwiTru5teSaZ8C6hrIww,3.5,,
256,Aquavit,http://www.nytimes.com/2015/05/27/dining/restaurant-review-aquavit-in-midtown.html?rref=collection%2Fcollection%2Frestaurant-guide,4Kv4EVmrQ8TdlSD7MW0wHg,3.5,,
257,Javelina,http://www.nytimes.com/2015/05/20/dining/restaurant-review-javelina-in-gramercy-park.html?rref=collection%2Fcollection%2Frestaurant-guide,tf3RVircY9-8adku41N6VQ,4,,
258,Kottu House,http://www.nytimes.com/2015/05/20/dining/hungry-city-kottu-house-sri-lanka-restaurant-lower-east-side.html?rref=collection%2Fcollection%2Frestaurant-guide,VDz9n7gwcq51wOAbTBdXxA,4.5,,
259,Raclette,https://www.nytimes.com/2015/05/13/dining/buried-treasures-at-raclette.html?rref=collection%2Fcollection%2Frestaurant-guide,vRqj40pRwz0OHHRVgOdgRg,4,,
260,HanYang BunSik,http://www.nytimes.com/2015/05/06/dining/hungry-city-hanyang-bunsik-flushing-queens.html?rref=collection%2Fcollection%2Frestaurant-guide,FsuJ7VC5vxX3wcLhFrb97Q,4.5,,
261,Mu Ramen,http://www.nytimes.com/2015/05/06/dining/restaurant-review-mu-ramen-in-long-island-city-queens.html?rref=collection%2Fcollection%2Frestaurant-guide,85qHcO9eEcf01d-qE41Xqw,4,,
262,East Wind Snack Shop,http://www.nytimes.com/2015/04/29/dining/hungry-city-east-wind-snack-shop-in-windsor-terrace-brooklyn.html?rref=collection%2Fcollection%2Frestaurant-guide,kkyHnaqIBW7WaJ-z_YooCA,4,,
263,Minton’s,http://www.nytimes.com/2015/04/29/dining/restaurant-review-mintons-in-harlem.html?rref=collection%2Fcollection%2Frestaurant-guide,_eZPWzxHhAEEaJ7CXYavCA,4,,
264,Casa Del Chef,http://www.nytimes.com/2015/04/22/dining/hungry-city-casa-del-chef-in-woodside-queens.html?rref=collection%2Fcollection%2Frestaurant-guide,vx7SbIWI44ZsjbYaA7IzjQ,4,,
265,Santina,http://www.nytimes.com/2015/04/22/dining/restaurant-review-santina-in-the-meatpacking-district.html?rref=collection%2Fcollection%2Frestaurant-guide,_4Grm99JEHnDWskCHAJfUg,4.5,,$$
266,Estiatorio Milos,http://www.nytimes.com/2015/04/08/dining/restaurant-reviews-limani-and-estiatorio-milos-in-midtown.html?rref=collection%2Fcollection%2Frestaurant-guide,NebgteFykeM1gwiVgPcCHw,4,,
267,Limani,http://www.nytimes.com/2015/04/08/dining/restaurant-reviews-limani-and-estiatorio-milos-in-midtown.html?rref=collection%2Fcollection%2Frestaurant-guide,huOYFLpe3EQKFeDVoxk6Hw,3,,
268,SpaHa Soul,http://www.nytimes.com/2015/04/08/dining/hungry-city-spaha-soul-in-east-harlem.html?rref=collection%2Fcollection%2Frestaurant-guide,rCpO-kMHljieU0geK0RJQw,4,,
269,Masha & the Bear,http://www.nytimes.com/2015/04/01/dining/hungry-city-masha-the-bear-in-east-williamsburg-brooklyn.html?rref=collection%2Fcollection%2Frestaurant-guide,TMzgYJWl-DeKaA3kGcuK8A,4.5,,
270,Haldi,http://www.nytimes.com/2015/03/25/dining/hungry-city-haldi-in-midtown-south.html?rref=collection%2Fcollection%2Frestaurant-guide,3Q4FMHLSTM8sATaEHeZ6Tg,4,,
271,Little Park,http://www.nytimes.com/2015/03/25/dining/restaurant-review-little-park-in-tribeca.html?rref=collection%2Fcollection%2Frestaurant-guide,sqTPK6Ns5-_ZoczUC4JWJQ,4.5,,
272,Eleven Madison Park,http://www.nytimes.com/2015/03/18/dining/restaurant-review-eleven-madison-park-in-midtown-south.html?rref=collection%2Fcollection%2Frestaurant-guide,lpLd3AFaMOV7LfPtvUiq8A,3,,
273,Bowery Meat Company,http://www.nytimes.com/2015/03/11/dining/restaurant-review-bowery-meat-company-in-the-east-village.html?rref=collection%2Fcollection%2Frestaurant-guide,7OMGEtFWT6sdd9TVuoGqJQ,4.5,,
274,House of Inasal,http://www.nytimes.com/2015/03/11/dining/hungry-city-house-of-inasal-in-woodside-queens.html?rref=collection%2Fcollection%2Frestaurant-guide,KJNXC2NtxRPeu_nkk1PC4A,4,,
275,La Morada,http://www.nytimes.com/2015/03/04/dining/hungry-city-la-morada-in-the-south-bronx.html?rref=collection%2Fcollection%2Frestaurant-guide,kPn2rKOTyIn-l_jRUstHCQ,4.5,,$
276,Via Carota,http://www.nytimes.com/2015/03/04/dining/restaurant-review-via-carota-in-the-west-village.html?rref=collection%2Fcollection%2Frestaurant-guide,f7apP8A_0_KqcGQTK4V2TQ,4,,
277,Izakaya,http://www.nytimes.com/2015/02/25/dining/izakaya-in-the-east-village.html?rref=collection%2Fcollection%2Frestaurant-guide,6ezrABEThm48qv1qj8_FVw,3.5,,
278,Patacon Pisao,http://www.nytimes.com/2015/02/18/dining/patacon-pisao-on-the-lower-east-side.html?rref=collection%2Fcollection%2Frestaurant-guide,BxB7lV381jp5pmosnIBpGA,4.5,,
279,Shuko,http://www.nytimes.com/2015/02/18/dining/restaurant-review-shuko-in-the-east-village.html?rref=collection%2Fcollection%2Frestaurant-guide,5m-TrbqMNnwJvOd7pAt6OA,4,,
280,Patina,http://www.nytimes.com/2015/02/11/dining/hungry-city-patina-in-morrisania-the-bronx.html?rref=collection%2Fcollection%2Frestaurant-guide,_7lJD4cLAFEp0xCOacUy5g,3.5,,
281,Cosme,http://www.nytimes.com/2015/02/04/dining/restaurant-review-cosme-in-the-flatiron-district.html?rref=collection%2Fcollection%2Frestaurant-guide,RElijPqDOAPTHT3J4n_FEA,4,,
282,Sariling Atin,http://www.nytimes.com/2015/02/04/dining/hungry-city-sariling-atin-in-elmhurst-queens.html?rref=collection%2Fcollection%2Frestaurant-guide,9FwX2ye1eCxnPVoQOHHr3g,4.5,,
283,Blue Smoke,http://www.nytimes.com/2015/01/28/dining/restaurant-review-blue-smoke-and-north-end-grill.html?rref=collection%2Fcollection%2Frestaurant-guide,sJPayLq6EqepJbPGLlFfHw,3.5,,
284,LoLo’s Seafood Shack,http://www.nytimes.com/2015/01/28/dining/hungry-city-lolos-seafood-shack-in-harlem.html?rref=collection%2Fcollection%2Frestaurant-guide,nw5_0jb_u2a6nUt4Je09Xg,4.5,,
285,North End Grill,http://www.nytimes.com/2015/01/28/dining/restaurant-review-blue-smoke-and-north-end-grill.html?rref=collection%2Fcollection%2Frestaurant-guide,gGkkzrcHh1xS-S55OsuKsw,3.5,,
286,Plant Love House,http://www.nytimes.com/2015/01/21/dining/hungry-city-plant-love-house-in-elmhurst-queens.html?rref=collection%2Fcollection%2Frestaurant-guide,mhhTORjUdXj-UIDjyGmhBg,4,,
287,BLVD Bistro,http://www.nytimes.com/2015/01/14/dining/hungry-city-blvd-bistro-in-harlem.html?rref=collection%2Fcollection%2Frestaurant-guide,7ZecxKox2SiVtsNDWphJZQ,4,,
288,Upland,http://www.nytimes.com/2015/01/14/dining/restaurant-review-upland-on-park-avenue-south.html?rref=collection%2Fcollection%2Frestaurant-guide,cqdg3bP870-y2cHzckLcFw,4.5,,
289,Kappo Masa,http://www.nytimes.com/2015/01/07/dining/restaurant-review-kappo-masa-on-the-upper-east-side.html?rref=collection%2Fcollection%2Frestaurant-guide,4U6AEMuTx34o3i84G0Hc0w,4.5,,
290,The Halal Guys,http://www.nytimes.com/2014/12/24/dining/hungry-city-the-halal-guys.html?rref=collection%2Fcollection%2Frestaurant-guide,0yzuScoOUNJzgJLb0WGGEg,4,,
291,Sky Cafe,http://www.nytimes.com/2014/12/17/dining/hungry-city-sky-cafe-in-elmhurst-queens.html?rref=collection%2Fcollection%2Frestaurant-guide,np7wKWwTAhetwpXqsWpFkQ,4,,
292,Hanamizuki,http://www.nytimes.com/2014/12/10/dining/hungry-city-hanamizuki-in-chelsea.html?rref=collection%2Fcollection%2Frestaurant-guide,nRO136GRieGtxz18uD61DA,4.5,,
293,Dirty French,http://www.nytimes.com/2014/12/10/dining/restaurant-review-dirty-french-on-the-lower-east-side.html?rref=collection%2Fcollection%2Frestaurant-guide,qpkFmGyvbZv-g2fbwyNQUg,4,,
294,Fitzcarraldo,http://www.nytimes.com/2014/12/03/dining/hungry-city-fitzcarraldo-in-east-williamsburg-brooklyn.html?rref=collection%2Fcollection%2Frestaurant-guide,MOtHnl_Zeld-D1slHKg__w,3.5,,
295,Marta,http://www.nytimes.com/2014/12/03/dining/restaurant-review-danny-meyers-marta-in-nomad.html?rref=collection%2Fcollection%2Frestaurant-guide,hdBhZcdZGHkTESrldAObJg,4.5,,
296,Bar Bolonat,http://www.nytimes.com/2014/11/26/dining/restaurant-review-bar-bolonat-in-the-west-village.html?rref=collection%2Fcollection%2Frestaurant-guide,jnHbdsqlTKlPcmJ8BCP9-g,4,,
297,Carnitas El Atoradero,http://www.nytimes.com/2014/11/26/dining/hungry-city-carnitas-el-atoradero-in-the-south-bronx.html?rref=collection%2Fcollection%2Frestaurant-guide,i8F0fnempD5fTb2CxbwKDw,4,,
298,Dumpling Galaxy,http://www.nytimes.com/2014/11/12/dining/restaurant-review-dumpling-galaxy-in-queens.html?rref=collection%2Fcollection%2Frestaurant-guide,XpgquUrYWa-URbgi-3pykg,4,,
299,Hard Times Sundaes,http://www.nytimes.com/2014/11/12/dining/hungry-city-hard-times-sundaes-in-mill-basin-brooklyn.html?rref=collection%2Fcollection%2Frestaurant-guide,EBIjeMlkgU12CyCcUDj-kg,4,,
300,Tuome,http://www.nytimes.com/2014/11/05/dining/restaurant-review-tuome-in-the-east-village.html?rref=collection%2Fcollection%2Frestaurant-guide,tt857dHOw0ne9iu5svMlRg,4.5,,$$
301,Blue Hill,http://www.nytimes.com/2014/10/29/dining/restaurant-review-blue-hill-in-greenwich-village.html?rref=collection%2Fcollection%2Frestaurant-guide,1m6viubAWUgsTgguIrJT6A,3.5,,
302,The Bao,http://www.nytimes.com/2014/10/29/dining/hungry-city-the-bao-in-the-east-village.html?rref=collection%2Fcollection%2Frestaurant-guide,wjmcMQj1StNTNdKnkidcGg,4,,
303,Blenheim,http://www.nytimes.com/2014/10/22/dining/restaurant-review-blenheim-in-the-west-village.html?rref=collection%2Fcollection%2Frestaurant-guide,MIuFXBFthAWeEMxyP_lm9A,3.5,,
304,Paet Rio,http://www.nytimes.com/2014/10/22/dining/hungry-city-paet-rio-in-elmhurst-queens.html?rref=collection%2Fcollection%2Frestaurant-guide,XOnspIaW6mYVmrvgqOaYSQ,4,,
305,Arepa Lady,http://www.nytimes.com/2014/10/15/dining/hungry-city-arepa-lady-in-elmhurst-queens.html?rref=collection%2Fcollection%2Frestaurant-guide,yHXJFk_oialGqTUfyMVfoQ,4,,
306,Com Tam Ninh Kieu,http://www.nytimes.com/2014/10/08/dining/rice-and-noodles-in-many-guises-.html?rref=collection%2Fcollection%2Frestaurant-guide,UO4kyXfdQIlAhM-TRgM9cw,4,,
307,Huertas,http://www.nytimes.com/2014/10/08/dining/restaurant-review-huertas-in-the-east-village.html?rref=collection%2Fcollection%2Frestaurant-guide,Z-hDHjP4Eza6BA4G97tzVA,4,,
308,Old Tbilisi Garden,http://www.nytimes.com/2014/10/01/dining/hungry-city-old-tbilisi-garden-in-greenwich-village.html?rref=collection%2Fcollection%2Frestaurant-guide,xkvv0n7jbl4Ra3Vm_jfxaA,4,,
309,Abyssinia,http://www.nytimes.com/2014/09/24/dining/hungry-city-abyssinia-in-harlem.html?rref=collection%2Fcollection%2Frestaurant-guide,#NAME?,3.5,,
310,Sammy's Roumanian Steakhouse,http://www.nytimes.com/2014/09/24/dining/restaurant-review-sammys-roumanian-steakhouse-on-the-lower-east-side.html?rref=collection%2Fcollection%2Frestaurant-guide,GcBZDgOKOP-RkH_mI-DS9A,3.5,,
311,Claudette,http://www.nytimes.com/2014/09/17/dining/restaurant-review-claudette-in-greenwich-village.html?rref=collection%2Fcollection%2Frestaurant-guide,lGLeaVcg7U4tOfJFhVqGng,4,,
312,Taste of Northern China,http://www.nytimes.com/2014/09/17/dining/hungry-city-taste-of-northern-china-in-chinatown.html?rref=collection%2Fcollection%2Frestaurant-guide,S-619sO8qSxQcis0DBHvNw,4,,
313,Barchetta,http://www.nytimes.com/2014/09/10/dining/restaurant-review-barchetta-in-chelsea.html?rref=collection%2Fcollection%2Frestaurant-guide,nBkSqOhZMa1A7Yk3q8VPaA,4,,
314,Café Rue Dix,http://www.nytimes.com/2014/09/10/dining/hungry-city-cafe-rue-dix-in-crown-heights-brooklyn.html?rref=collection%2Fcollection%2Frestaurant-guide,Z6koXxi6wgNKcZdsV7dDRw,4.5,,
315,Bar Primi,http://www.nytimes.com/2014/09/03/dining/restaurant-review-bar-primi-in-the-east-village.html?rref=collection%2Fcollection%2Frestaurant-guide,rZ9OFoSqy8u4WECfh--ylg,4,,
316,Moldova,http://www.nytimes.com/2014/09/03/dining/hungry-city-moldova-in-midwood-brooklyn.html?rref=collection%2Fcollection%2Frestaurant-guide,EhNjU4yJ6DRIliUNSjwYbw,4,,
317,Bâtard,https://www.nytimes.com/2014/08/27/dining/restaurant-review-batard-in-tribeca.html?rref=collection%2Fcollection%2Frestaurant-guide,WZRFk3t0U8gGki1GR9Avzg,4.5,,$
318,Delaware and Hudson,http://www.nytimes.com/2014/08/20/dining/restaurant-review-delaware-and-hudson.html?rref=collection%2Fcollection%2Frestaurant-guide,3mSoxaXfEoJz-ALRiENNEw,3.5,,
319,Indian Road Cafe,http://www.nytimes.com/2014/08/20/dining/hungry-city-indian-road-cafe-in-inwood.html?rref=collection%2Fcollection%2Frestaurant-guide,qdVL69R5IKw6UcBasqLu-w,4,,
320,The Bronx Beer Hall,http://www.nytimes.com/2014/08/13/dining/the-pain-and-pleasure-of-falling-in-love.html?rref=collection%2Fcollection%2Frestaurant-guide,R7EGjHWw0tNheY6-ahH8fQ,4.5,,
321,Ivan Ramen,http://www.nytimes.com/2014/08/06/dining/restaurant-review-ivan-ramen.html?rref=collection%2Fcollection%2Frestaurant-guide,4Objcs7HXSGuzpb0SOa-Jw,4.5,,
322,Lumpia Shack Snackbar,http://www.nytimes.com/2014/08/06/dining/hungry-city-lumpia-shack-snackbar-in-the-west-village.html?rref=collection%2Fcollection%2Frestaurant-guide,SNhDVaf_n7VDZcfry8mYdA,3.5,,
323,Brooklyn Ball Factory,http://www.nytimes.com/2014/07/30/dining/hungry-city-brooklyn-ball-factory-in-east-williamsburg.html?rref=collection%2Fcollection%2Frestaurant-guide,kvIrv1akLm08kxd44ciicA,4,,
324,Russ & Daughters Cafe,http://www.nytimes.com/2014/07/30/dining/restaurant-review-russ-daughters-cafe.html?rref=collection%2Fcollection%2Frestaurant-guide,DUnRsZh-pSOsIhQa3ZJrEA,4,,
325,Racines NY,http://www.nytimes.com/2014/07/23/dining/restaurant-review-racines-ny-in-tribeca.html?rref=collection%2Fcollection%2Frestaurant-guide,zYQpuK03rUZJ5-IDnge7kA,4.5,,$
326,Grindhaus,http://www.nytimes.com/2014/07/16/dining/restaurant-review-grindhaus-in-red-hook-brooklyn.html?rref=collection%2Fcollection%2Frestaurant-guide,C3spvfEd8JQJie-yixRgpQ,4,,
327,Khao Kang,http://www.nytimes.com/2014/07/16/dining/hungry-city-khao-kang-in-elmhurst-queens.html?rref=collection%2Fcollection%2Frestaurant-guide,fVslDZ8dGsVmcRhS0R0kFg,4,,
328,Chayhana Salom,http://www.nytimes.com/2014/07/09/dining/uzbek-food-in-queens-and-brooklyn.html?rref=collection%2Fcollection%2Frestaurant-guide,MbwsCB7echBlVwzfJ_9c9g,4,,
329,Uma's,http://www.nytimes.com/2014/07/09/dining/uzbek-food-in-queens-and-brooklyn.html?rref=collection%2Fcollection%2Frestaurant-guide,Bzprbnm51unkJqh9xtlQ7g,4,,
330,Baoburg,http://www.nytimes.com/2014/06/25/dining/hungry-city-baoburg-in-williamsburg-brooklyn.html?rref=collection%2Fcollection%2Frestaurant-guide,cCWR47_Qeb611F_J8iz_ig,4,,
331,Tavern on the Green,http://www.nytimes.com/2014/06/25/dining/restaurant-review-tavern-on-the-green.html?rref=collection%2Fcollection%2Frestaurant-guide,aTFkjo0scqmOgsFF5kuGXg,4,,
332,Houdini Kitchen Laboratory,https://www.nytimes.com/2014/06/18/dining/hungry-city-houdini-kitchen-laboratory-in-ridgewood-queens.html?rref=collection%2Fcollection%2Frestaurant-guide,bSi2f2TaOr4RVTI5eFt0wQ,3,,
333,Flinders Lane,http://www.nytimes.com/2014/06/11/dining/hungry-city-flinders-lane-in-the-east-village.html?rref=collection%2Fcollection%2Frestaurant-guide,b6fnzW30Z9jGqGHOelzAFQ,3.5,,$$$
334,Gato,http://www.nytimes.com/2014/06/11/dining/restaurant-review-gato-from-bobby-flay.html?rref=collection%2Fcollection%2Frestaurant-guide,_sipbeIM-EtR4cIzleEUhg,4,,
335,Spicy Lanka,http://www.nytimes.com/2014/06/04/dining/hungry-city-spicy-lanka-in-jamaica-queens.html?rref=collection%2Fcollection%2Frestaurant-guide,Jwb556DrGTEZryeV7XgZmQ,3.5,,
336,The Simone,http://www.nytimes.com/2014/06/04/dining/restaurant-review-the-simone-on-the-upper-east-side.html?rref=collection%2Fcollection%2Frestaurant-guide,jOEh72OMOP55tUlAGsW3KQ,4,,
337,Box Kite,http://www.nytimes.com/2014/05/28/dining/hungry-city-box-kite-in-the-east-village.html?rref=collection%2Fcollection%2Frestaurant-guide,0Q3xCYWK2N-wJfXjLa9dFg,4,,
338,Narcissa,http://www.nytimes.com/2014/05/28/dining/restaurant-review-narcissa-in-the-standard-east-village.html?rref=collection%2Fcollection%2Frestaurant-guide,_kAe3HpRbNUTVVG8yUdbhw,4,,
339,Eim Khao Mun Kai,http://www.nytimes.com/2014/05/21/dining/hungry-city-eim-khao-mun-kai-and-khao-man-gai-ny.html?rref=collection%2Fcollection%2Frestaurant-guide,rUBFgZU3QTk7IOgpccE8Og,4,,
340,Khao Man Gai NY,http://www.nytimes.com/2014/05/21/dining/hungry-city-eim-khao-mun-kai-and-khao-man-gai-ny.html?rref=collection%2Fcollection%2Frestaurant-guide,zEHzdRjEa23tcH585_SqHw,3.5,,
341,River Cafe,https://www.nytimes.com/2014/05/21/dining/restaurant-review-the-river-cafe-at-fulton-ferry.html?rref=collection%2Fcollection%2Frestaurant-guide,wqYHhMnpdfUVGL5JI3Wi_A,3.5,,
342,El Quinto Pino,http://www.nytimes.com/2014/05/14/dining/restaurant-review-el-quinto-pino-in-chelsea.html?rref=collection%2Fcollection%2Frestaurant-guide,ckb_w10XmSsW3riotGqXQA,4,,
343,Dotory,http://www.nytimes.com/2014/05/07/dining/hungry-city-dotory-in-williamsburg-brooklyn.html?rref=collection%2Fcollection%2Frestaurant-guide,1VulIvaA95_ZjBIs1O0sxQ,4.5,,
344,Cagen,http://www.nytimes.com/2014/04/30/dining/restaurant-review-cagen-in-the-east-village-and-ristorante-morini-on-the-upper-east-side.html?rref=collection%2Fcollection%2Frestaurant-guide,0rQz8mkleT62eUkiAVs4UA,4,,
345,Ristorante Morini,http://www.nytimes.com/2014/04/30/dining/restaurant-review-cagen-in-the-east-village-and-ristorante-morini-on-the-upper-east-side.html?rref=collection%2Fcollection%2Frestaurant-guide,EOANRwg2TqxqAJ6O7e-YNA,3.5,,
346,Kung Fu Little Steamed Buns Ramen,http://www.nytimes.com/2014/04/23/dining/hungry-city-kung-fu-little-steamed-buns-ramen-in-hells-kitchen.html?rref=collection%2Fcollection%2Frestaurant-guide,nKjEA5nW5zm2MjD2ukdTtQ,4.5,,
347,Telepan Local,http://www.nytimes.com/2014/04/23/dining/restaurant-review-telepan-local-in-tribeca.html?rref=collection%2Fcollection%2Frestaurant-guide,hA5QUlrSjpxMZ90Kof0bgA,4,,
348,Jean-Georges,http://www.nytimes.com/2014/04/09/dining/restaurant-review-jean-georges-on-the-upper-west-side.html?rref=collection%2Fcollection%2Frestaurant-guide,Hn4BGKcS80yDwM7ihYscAQ,4.5,,
349,Lucky Luna,http://www.nytimes.com/2014/04/09/dining/hungry-city-lucky-luna-in-greenpoint-brooklyn.html?rref=collection%2Fcollection%2Frestaurant-guide,Eu0yHABc9MeJJMUx700a5w,4,,$$
350,Mountain Bird,http://www.nytimes.com/2014/04/02/dining/hungry-city-mountain-bird-in-harlem.html?rref=collection%2Fcollection%2Frestaurant-guide,6wJOojpF2c4lLeBNbTBB0A,4,,
351,The Shakespeare,http://www.nytimes.com/2014/04/02/dining/restaurant-review-the-peacock-and-the-shakespeare-in-midtown.html?rref=collection%2Fcollection%2Frestaurant-guide,hKdvsbuQRtjajWYwjaoOQw,3.5,,
353,Il Salumaio,http://www.nytimes.com/2014/03/19/dining/hungry-city-il-salumaio-on-the-upper-east-side.html?rref=collection%2Fcollection%2Frestaurant-guide,CQ26J5DcKkh1C17JwWSoSw,4,,
354,Rôtisserie Georgette,http://www.nytimes.com/2014/03/19/dining/restaurant-review-rotisserie-georgette-on-the-upper-east-side.html?rref=collection%2Fcollection%2Frestaurant-guide,Ve9eysLcTjGLbKp7tjOd9w,4,,
355,Contra,http://www.nytimes.com/2014/03/12/dining/restaurant-review-contra-on-the-lower-east-side.html?rref=collection%2Fcollection%2Frestaurant-guide,H57mO_Z0CuyyppsRtk9IJA,4.5,,
356,Sushi Katsuei,http://www.nytimes.com/2014/03/12/dining/hungry-city-sushi-katsuei-in-park-slope.html?rref=collection%2Fcollection%2Frestaurant-guide,Okbtt-ISFB3kuoxkl2wVgg,4.5,,
357,Rusty Mackerel,http://www.nytimes.com/2014/03/05/dining/hungry-city-rusty-mackerel-in-hudson-heights.html?rref=collection%2Fcollection%2Frestaurant-guide,1Au-74qnl8CTmQ9NBscSRA,4,,
358,Wallflower,http://www.nytimes.com/2014/02/26/dining/hungry-city-wallflower-in-greenwich-village.html?rref=collection%2Fcollection%2Frestaurant-guide,ZhbHXqkEYNKLAbamW5peJQ,4,,
359,Dhaulagiri Kitchen,http://www.nytimes.com/2014/02/19/dining/hungry-city-dhaulagiri-kitchen-in-jackson-heights-queens.html?rref=collection%2Fcollection%2Frestaurant-guide,m2_ZNFos5ugAwe8ft8eaEw,4.5,,
360,Bergen Hill,http://www.nytimes.com/2014/02/12/dining/hungry-city-bergen-hill-in-carroll-gardens-brooklyn.html?rref=collection%2Fcollection%2Frestaurant-guide,fkwvdS0DTCVyeY3mXwae_Q,4.5,,
361,Gotham West Market,http://www.nytimes.com/2014/02/12/dining/restaurant-review-gotham-west-market-in-hells-kitchen.html?rref=collection%2Fcollection%2Frestaurant-guide,4XX-zF8h5Lvrr22_tqU6-Q,4,,
362,M. Wells Steakhouse,http://www.nytimes.com/2014/01/29/dining/restaurant-review-m-wells-steakhouse-in-long-island-city-queens.html?rref=collection%2Fcollection%2Frestaurant-guide,zWQEMxRrhDsBuC8KTobC9Q,3.5,,
363,Yun Nan Flavour Garden,http://www.nytimes.com/2014/01/29/dining/hungry-city-yun-nan-flavour-garden-in-sunset-park-brooklyn.html?rref=collection%2Fcollection%2Frestaurant-guide,TlgASrwWFlnx9D1ZiKjJbA,4,,
364,Han Dynasty,http://www.nytimes.com/2014/01/22/dining/restaurant-review-han-dynasty-in-the-east-village-and-hirohisa-in-soho.html?rref=collection%2Fcollection%2Frestaurant-guide,IYlO-XRwjZlUl0yoKY87cA,4.5,,
365,Hirohisa,http://www.nytimes.com/2014/01/22/dining/restaurant-review-han-dynasty-in-the-east-village-and-hirohisa-in-soho.html?rref=collection%2Fcollection%2Frestaurant-guide,l1EdTmBBFzxQIZDftPZeUQ,4,,
366,The East Pole,http://www.nytimes.com/2014/01/22/dining/hungry-city-the-east-pole-on-the-upper-east-side.html?rref=collection%2Fcollection%2Frestaurant-guide,uaFHoq-a5XqxF-bsOK9_Qg,3.5,,
367,McSorley's Old Ale House,http://www.nytimes.com/2014/01/08/dining/reviews/comfort-from-the-cold-winds.html?rref=collection%2Fcollection%2Frestaurant-guide,wfeqvT0sKAOY6KA5H-nkuA,3.5,,$$$
368,Korchma Taras Bulba,http://www.nytimes.com/2014/01/01/dining/a-day-in-soho-a-night-in-ukraine.html?rref=collection%2Fcollection%2Frestaurant-guide,,,,
369,Toro,http://www.nytimes.com/2014/01/01/dining/reviews/restaurant-review-toro.html?rref=collection%2Fcollection%2Frestaurant-guide,PBUIaPtgnhmdHE3KHglK-g,4.5,,
370,Onomea,http://www.nytimes.com/2013/12/25/dining/reviews/hungry-city-onomea-in-williamsburg.html?rref=collection%2Fcollection%2Frestaurant-guide,Mcl-sfVMaeTPCv4m0fLAwA,4,,
371,The Musket Room,http://www.nytimes.com/2013/12/18/dining/reviews/hungry-city-the-musket-room-in-nolita.html?rref=collection%2Fcollection%2Frestaurant-guide,NMCUMp39CPenji-UbFnuCA,4.5,,
372,Larb Ubol,http://www.nytimes.com/2013/12/11/dining/reviews/hungry-city-larb-ubol-in-hells-kitchen.html?rref=collection%2Fcollection%2Frestaurant-guide,i34wlziIjT8lHgUN1o0ToQ,4,,
373,Sushi Nakazawa,http://www.nytimes.com/2013/12/11/dining/reviews/restaurant-review-sushi-nakazawa-in-the-west-village.html?rref=collection%2Fcollection%2Frestaurant-guide,i34wlziIjT8lHgUN1o0ToQ,4,,
374,Charlie Bird,http://www.nytimes.com/2013/12/04/dining/reviews/restaurant-review-charlie-bird-in-soho.html?rref=collection%2Fcollection%2Frestaurant-guide,vjj3MMPkULJUCv8xf3XRiA,4.5,,
375,Martha,http://www.nytimes.com/2013/12/04/dining/reviews/hungry-city-martha-in-fort-greene-brooklyn.html?rref=collection%2Fcollection%2Frestaurant-guide,6UcYACF-byUBkn5jumAAfQ,4,,
376,Ellary's Greens,http://www.nytimes.com/2013/11/27/dining/reviews/hungry-city-ellarys-greens-in-the-west-village.html?rref=collection%2Fcollection%2Frestaurant-guide,5K0b-fEk96xUJCV_5ytNog,4,,
377,Somtum Der,http://www.nytimes.com/2013/11/27/dining/reviews/restaurant-review-somtum-der-in-the-east-village.html?rref=collection%2Fcollection%2Frestaurant-guide,B-lJd1eBLcLk1StNbgAe9w,4,,
378,Piora,http://www.nytimes.com/2013/11/20/dining/reviews/restaurant-review-piora-in-the-west-village.html?rref=collection%2Fcollection%2Frestaurant-guide,JCviwJXiieZUd7RlxlrhTQ,4,,
379,Bunna Cafe,http://www.nytimes.com/2013/11/13/dining/reviews/hungry-city-ethiopian-lunch-box-in-bushwick.html?rref=collection%2Fcollection%2Frestaurant-guide,o5HNVvccTdsiGjT4Pubddg,4,,
380,Kurumazushi,http://www.nytimes.com/2013/11/13/dining/reviews/restaurant-review-sushi-dojo-in-the-east-village-and-kurumazushi-in-midtown.html?rref=collection%2Fcollection%2Frestaurant-guide,CzcZsX0Mvm5G8LOlKRr0WA,4,,
381,Sushi Dojo,http://www.nytimes.com/2013/11/13/dining/reviews/restaurant-review-sushi-dojo-in-the-east-village-and-kurumazushi-in-midtown.html?rref=collection%2Fcollection%2Frestaurant-guide,5ZaynmA5KDMQCwJgSQ4N_g,4.5,,$$$
382,Gastronomia Culinaria,http://www.nytimes.com/2013/11/06/dining/reviews/hungry-city-gastronomia-culinaria-on-the-upper-west-ide.html?rref=collection%2Fcollection%2Frestaurant-guide,bBDzXNM7Y7_8WE2Sm6R_ig,4,,
383,Quality Italian,http://www.nytimes.com/2013/11/06/dining/reviews/restaurant-review-quality-italian-in-midtown.html?rref=collection%2Fcollection%2Frestaurant-guide,OMv26_R8kaek1G7_QhBPkg,3.5,,
384,Crazy Crab 888,http://www.nytimes.com/2013/10/30/dining/reviews/hungry-city-crazy-crab-888-in-flushing-queens.html?rref=collection%2Fcollection%2Frestaurant-guide,2rqb2T5IS2D7A6UB5QwNKw,4,,
385,Hearth,http://www.nytimes.com/2013/10/30/dining/reviews/restaurant-review-hearth-in-the-east-village.html?rref=collection%2Fcollection%2Frestaurant-guide,Q1TpfbuPwKPFrNFyu-u2_g,4,,$$
386,Shalom Japan,http://www.nytimes.com/2013/10/23/dining/reviews/hungry-city-shalom-japan-in-williamsburg-brooklyn.html?rref=collection%2Fcollection%2Frestaurant-guide,6t5xWjPLWAjJV3YFMX_oaw,4.5,,
387,Khe-Yo,http://www.nytimes.com/2013/10/16/dining/reviews/restaurant-review-khe-yo-in-tribeca-and-whiskey-soda-lounge-ny-in-brooklyn.html?rref=collection%2Fcollection%2Frestaurant-guide,Xcnq-GIw48tMPlUIavpGmA,3.5,,
388,Umami Burger,http://www.nytimes.com/2013/10/16/dining/reviews/hungry-city-umami-burger-in-greenwich-village.html?rref=collection%2Fcollection%2Frestaurant-guide,,,,
389,Whiskey Soda Lounge NY,http://www.nytimes.com/2013/10/16/dining/reviews/restaurant-review-khe-yo-in-tribeca-and-whiskey-soda-lounge-ny-in-brooklyn.html?rref=collection%2Fcollection%2Frestaurant-guide,QArou0r7CmLNPWYRA9ecog,4,,
390,Papa's Kitchen,http://www.nytimes.com/2013/10/09/dining/reviews/hungry-city-papas-kitchen-in-queens.html?rref=collection%2Fcollection%2Frestaurant-guide,hArUPKkyuo6BW8skTGSs9A,4,,
391,Kura,http://www.nytimes.com/2013/09/25/dining/reviews/hungry-city-kura-in-the-east-village.html?rref=collection%2Fcollection%2Frestaurant-guide,I-B1Xbq6vIGRkdKVaQ8Uew,3.5,,
392,Lake Pavilion,http://www.nytimes.com/2013/09/25/dining/reviews/restaurant-review-lake-pavilion-in-flushing-queens.html?rref=collection%2Fcollection%2Frestaurant-guide,t8fC-gy9eOq4Fz8jusigQw,4,,
393,Estela,http://www.nytimes.com/2013/09/18/dining/reviews/restaurant-review-estela-in-nolita.html?rref=collection%2Fcollection%2Frestaurant-guide,vscYK65F_MUH8WqACKSdog,4.5,,
394,Distilled,http://www.nytimes.com/2013/09/18/dining/reviews/hungry-city-distilled-in-tribeca.html?rref=collection%2Fcollection%2Frestaurant-guide,cOhTtMx8dZmTJldRkVEavA,4,,
395,Glasserie,http://www.nytimes.com/2013/09/11/dining/reviews/hungry-city-glasserie-in-greenpoint-brooklyn.html?rref=collection%2Fcollection%2Frestaurant-guide,zGAQqDu0Ak2khVYs9WdQxw,4.5,,
396,Armani Ristorante Fifth Avenue,http://www.nytimes.com/2013/09/11/dining/reviews/restaurant-review-armani-ristorante-fifth-avenue-in-midtown.html?rref=collection%2Fcollection%2Frestaurant-guide,Bh1JBgQWZl9zct46uw_FzQ,3.5,,
397,Taste of Persia NYC,http://www.nytimes.com/2013/09/04/dining/reviews/hungry-city-taste-of-persia-nyc-in-flatiron.html?rref=collection%2Fcollection%2Frestaurant-guide,jLK1bJkvBAWEGrmigscn0w,3.5,,
398,Los Tacos No. 1,http://www.nytimes.com/2013/08/21/dining/reviews/hungry-city-los-tacos-no-1-and-tres-carnes.html?rref=collection%2Fcollection%2Frestaurant-guide,Dm6JUK9aLxJoP3FImfenTA,4,,
399,The Pines,http://www.nytimes.com/2013/08/21/dining/reviews/restaurant-review-the-pines-in-brooklyn.html?rref=collection%2Fcollection%2Frestaurant-guide,qrydcGQpeDP_1oFvx3qOeg,4,,
400,Tres Carnes,http://www.nytimes.com/2013/08/21/dining/reviews/hungry-city-los-tacos-no-1-and-tres-carnes.html?rref=collection%2Fcollection%2Frestaurant-guide,iAoaHrrbIR6ssZpZz3WcUQ,4,,
401,Costata,http://www.nytimes.com/2013/08/14/dining/reviews/restaurant-review-costata-in-soho.html?rref=collection%2Fcollection%2Frestaurant-guide,l4fwf8VwAokv3MWT45Ab7g,4.5,,
402,Oda House,http://www.nytimes.com/2013/08/14/dining/reviews/hungry-city-oda-house-in-the-east-village.html?rref=collection%2Fcollection%2Frestaurant-guide,GfC7pvsvhZX4-QAeZ3z_Vg,4,,
403,MP Taverna Astoria,http://www.nytimes.com/2013/08/07/dining/reviews/restaurant-review-mp-taverna-astoria-in-queens.html?rref=collection%2Fcollection%2Frestaurant-guide,je92kXXWjANmiN-dfwNapg,4,,
404,Spice Symphony,http://www.nytimes.com/2013/08/07/dining/reviews/hungry-city-spice-symphony-in-midtown-east.html?rref=collection%2Fcollection%2Frestaurant-guide,_7Wy13lQ4JRUfOeDRZ2rlw,3.5,,$$
405,ABC Cocina,http://www.nytimes.com/2013/07/31/dining/reviews/restaurant-review-abc-cocina-in-manhattan.html?rref=collection%2Fcollection%2Frestaurant-guide,dc3hkLkAqCSxDWQzrx-g9A,4,,
406,Feast,http://www.nytimes.com/2013/07/31/dining/reviews/hungry-city-feast-in-the-east-village.html?rref=collection%2Fcollection%2Frestaurant-guide,uKiW450USZjsaQJCrhRgaQ,3.5,,$$
407,Daniel,http://www.nytimes.com/2013/07/24/dining/reviews/restaurant-review-daniel-on-the-upper-east-side.html?rref=collection%2Fcollection%2Frestaurant-guide,7Oq1UdUHUGZGH_QI6N-0LQ,4,,
408,Cherry,http://www.nytimes.com/2013/07/17/dining/reviews/hungry-city-cherry-in-the-meatpacking-district.html?rref=collection%2Fcollection%2Frestaurant-guide,zJcxZQbTSAP3q4Fy-6WAyw,4,,
409,Nightingale 9,http://www.nytimes.com/2013/07/10/dining/reviews/hungry-city-nightingale-9-in-carroll-gardens.html?rref=collection%2Fcollection%2Frestaurant-guide,BKMCAYb9EAivUm3p-vrC9w,4,,
410,Uncle Boons,http://www.nytimes.com/2013/07/03/dining/reviews/restaurant-review-uncle-boons-in-nolita.html?rref=collection%2Fcollection%2Frestaurant-guide,LyuF8SHrHlkRfXO3rUmFbw,4,,
411,Hunan Manor,http://www.nytimes.com/2013/06/26/dining/reviews/hungry-city-hunan-manor-in-midtown.html?rref=collection%2Fcollection%2Frestaurant-guide,#NAME?,3.5,,$$
412,Lafayette,http://www.nytimes.com/2013/06/26/dining/reviews/restaurant-review-lafayette-in-noho.html?rref=collection%2Fcollection%2Frestaurant-guide,KB9_w7vCPMvS82jiUg2ndw,4.5,,
413,Casa Enrique,http://www.nytimes.com/2013/06/19/dining/reviews/hungry-city-casa-enrique-in-long-island-city-queens.html?rref=collection%2Fcollection%2Frestaurant-guide,nEkVibaTuIFEcTNtltFgJg,4.5,,
414,Kajitsu,http://www.nytimes.com/2013/06/19/dining/reviews/restaurant-review-kajitsu-in-murray-hill.html?rref=collection%2Fcollection%2Frestaurant-guide,YGfpddz2ml_2h75wbzkh2A,3,,
415,Montmartre,http://www.nytimes.com/2013/06/12/dining/reviews/restaurant-review-montmartre-in-chelsea.html?rref=collection%2Fcollection%2Frestaurant-guide,GCAQmtRdNhqVit5KGJ46Qg,4,,
416,Carbone,http://www.nytimes.com/2013/06/05/dining/reviews/restaurant-review-carbone-in-manhattan.html?rref=collection%2Fcollection%2Frestaurant-guide,0EtZ1xhnXWp4-ysNVwItYA,4,,
417,Maison Premiere,http://www.nytimes.com/2013/06/05/dining/reviews/hungry-city-maison-premiere-in-williamsburg.html?rref=collection%2Fcollection%2Frestaurant-guide,wA_KKu3X36JcaUPgFjyIHg,4,,
418,SakaMai,http://www.nytimes.com/2013/05/29/dining/reviews/hungry-city-sakamai-on-the-lower-east-side.html?rref=collection%2Fcollection%2Frestaurant-guide,zTK8reqKrmV7U71YVHYYjg,4,,
419,Salvation Taco,http://www.nytimes.com/2013/05/29/dining/reviews/restaurant-review-salvation-taco-in-murray-hill-and-taqueria-tlaxcalli-in-the-bronx.html?rref=collection%2Fcollection%2Frestaurant-guide,YMtQ5NZY3WUn3tetby6Uog,4.5,,
420,Taqueria Tlaxcalli,http://www.nytimes.com/2013/05/29/dining/reviews/restaurant-review-salvation-taco-in-murray-hill-and-taqueria-tlaxcalli-in-the-bronx.html?rref=collection%2Fcollection%2Frestaurant-guide,jnEv25Y2DosTq2sNnvmC9g,4.5,,
421,Bunker,http://www.nytimes.com/2013/05/22/dining/reviews/hungry-city-bunker-in-ridgewood-queens.html?rref=collection%2Fcollection%2Frestaurant-guide,CjLZZpH0q8KcV2Q8S16i4Q,4,,$$$
422,Caravaggio,http://www.nytimes.com/2013/05/15/dining/reviews/restaurant-review-caravaggio-on-the-italian-upper-east-side.html?rref=collection%2Fcollection%2Frestaurant-guide,dsp1dkKzl7fgrdklIAMXXg,4,,$$
423,Giovanni Rana Pastificio & Cucina,http://www.nytimes.com/2013/05/15/dining/reviews/hungry-city-giovanni-rana-pastificio-cucina-in-chelsea-market.html?rref=collection%2Fcollection%2Frestaurant-guide,sZPXAcjyO3hHIc-YCC-mWg,4,,$$$$
424,Prospect,http://www.nytimes.com/2013/05/08/dining/reviews/hungry-city-prospect-in-fort-greene-brooklyn.html?rref=collection%2Fcollection%2Frestaurant-guide,dYqWosnE1UlJs4Wx-M_u_A,4,,
425,Salt & Fat,http://www.nytimes.com/2013/05/01/dining/reviews/hungry-city-salt-fat-in-sunnyside-queens.html?rref=collection%2Fcollection%2Frestaurant-guide,T3k3vbXenuGQbsiCC4G7JQ,4,,
426,Malai Marke,http://www.nytimes.com/2013/04/24/dining/reviews/hungry-city-malai-marke-in-the-east-village.html?rref=collection%2Fcollection%2Frestaurant-guide,Va_mnsEvBghHXvc7uZIWJQ,4,,
427,Randazzo's Clam Bar,http://www.nytimes.com/2013/04/24/dining/reviews/restaurant-review-randazzos-clam-bar-in-sheepshead-bay.html?rref=collection%2Fcollection%2Frestaurant-guide,9z2lUyfzZV8b2rkkiwSM4g,4,,
428,The Library at the Public,http://www.nytimes.com/2013/04/17/dining/reviews/hungry-city-the-library-at-the-public-in-noho.html?rref=collection%2Fcollection%2Frestaurant-guide,#NAME?,4,,
429,Xixa,http://www.nytimes.com/2013/04/10/dining/reviews/hungry-city-xixa-in-south-williamsburg.html?rref=collection%2Fcollection%2Frestaurant-guide,DZaN3bNWfwcm__sNw5bvDg,4.5,,
430,Hanjan,http://www.nytimes.com/2013/04/03/dining/reviews/restaurant-review-hanjan-in-manhattan.html?rref=collection%2Fcollection%2Frestaurant-guide,jjJc_CrkB2HodEinB6cWww,4,,
431,La Vie en Szechuan,http://www.nytimes.com/2013/04/03/dining/reviews/la-vie-en-szechuan-restaurant-review.html?rref=collection%2Fcollection%2Frestaurant-guide,aj8JQujAHLXx46p9f2BUYA,4,,$$$
432,Crave Fishbar,http://www.nytimes.com/2013/03/27/dining/reviews/hungry-city-crave-fishbar-in-midtown.html?rref=collection%2Fcollection%2Frestaurant-guide,Zrlm6XHY7gTsxSqwSb7kpw,3.5,,
433,The Dining Room at the Modern,http://www.nytimes.com/2013/03/27/dining/reviews/restaurant-review-the-dining-room-at-the-modern.html?rref=collection%2Fcollection%2Frestaurant-guide,m6bu1AGIIIM9GNn9_cjsmg,4,,
434,Chez Sardine,http://www.nytimes.com/2013/03/20/dining/reviews/restaurant-review-chez-sardine-in-the-west-village.html?rref=collection%2Fcollection%2Frestaurant-guide,IqbHVeqgewmbeSMXBhbqSw,3,,
435,Jeepney,http://www.nytimes.com/2013/03/13/dining/reviews/restaurant-review-jeepney-in-the-east-village-pig-and-khao-on-the-lower-east-side.html?rref=collection%2Fcollection%2Frestaurant-guide,g3jNtkQZVZrrC823oBxdtg,3.5,,
436,Mayfield,http://www.nytimes.com/2013/03/13/dining/reviews/hungry-city-mayfield-in-crown-heights-brooklyn.html?rref=collection%2Fcollection%2Frestaurant-guide,dgaNriM1VdI2nGochhHE_g,4,,
437,Pig and Khao,http://www.nytimes.com/2013/03/13/dining/reviews/restaurant-review-jeepney-in-the-east-village-pig-and-khao-on-the-lower-east-side.html?rref=collection%2Fcollection%2Frestaurant-guide,rn6SmSqAYx2kLFIAxytMMQ,4,,
438,Mighty Quinn's Barbeque,http://www.nytimes.com/2013/03/06/dining/reviews/restaurant-review-mighty-quinns-barbeque-in-the-east-village.html?rref=collection%2Fcollection%2Frestaurant-guide,UiX68jF6s9-INHXSiTclrw,4,,$$$
439,The Marrow,http://www.nytimes.com/2013/02/27/dining/reviews/restaurant-review-the-marrow-in-the-west-village.html?rref=collection%2Fcollection%2Frestaurant-guide,7_hGsGEkHrjgAiYVjrCFnw,4,,
440,Barraca,http://www.nytimes.com/2013/02/13/dining/reviews/hungry-city-barraca-in-the-west-village.html?rref=collection%2Fcollection%2Frestaurant-guide,O4rYM6YBj90W2u7RhG3Mvg,4,,
441,Lao Dong Bei,http://www.nytimes.com/2013/02/06/dining/reviews/hungry-city-lao-dong-bei-in-flushing-queens.html?rref=collection%2Fcollection%2Frestaurant-guide,wcwftlB-61XG4ymGTR61aw,4,,
442,Maysville,http://www.nytimes.com/2013/02/06/dining/reviews/restaurant-review-maysville-in-manhattan.html?rref=collection%2Fcollection%2Frestaurant-guide,0u411BT5S3hGdnjkQ3eLOA,3,,
443,Han Joo,http://www.nytimes.com/2013/01/30/dining/reviews/hungry-city-han-joo-in-the-east-village.html?rref=collection%2Fcollection%2Frestaurant-guide,ZZxYVgodx2TxbYwh-0YU1w,4.5,,
444,Lakruwana,http://www.nytimes.com/2013/01/30/dining/reviews/restaurant-review-lakruwana-on-staten-island.html?rref=collection%2Fcollection%2Frestaurant-guide,EvLkJaWEXTZ8QNBrxOhDsA,4,,
445,Krescendo,http://www.nytimes.com/2013/01/23/dining/reviews/restaurant-review-krescendo-in-boerum-hill-brooklyn.html?rref=collection%2Fcollection%2Frestaurant-guide,Jgaf3JmVaPokYB3ezbhjCQ,3.5,,
446,Tanoshi,http://www.nytimes.com/2013/01/23/dining/reviews/hungry-city-tanoshi-on-the-upper-east-side.html?rref=collection%2Fcollection%2Frestaurant-guide,GJIKId1PHSlGfUIGiiKpGQ,3.5,,
447,Arlington Club,http://www.nytimes.com/2013/01/16/dining/reviews/restaurant-review-arlington-club-on-the-upper-east-side.html?rref=collection%2Fcollection%2Frestaurant-guide,BfhICClikxU7AG01nOOeCA,4,,
448,Zizi Limona,http://www.nytimes.com/2013/01/16/dining/reviews/hungry-city-zizi-limona-in-williamsburg-brooklyn.html?rref=collection%2Fcollection%2Frestaurant-guide,pZ9saOqLd7kZ2Yvyy6OKJg,4,,$$
449,El Toro Blanco,http://www.nytimes.com/2013/01/09/dining/reviews/restaurant-review-el-toro-blanco-in-the-west-village.html?rref=collection%2Fcollection%2Frestaurant-guide,7DUPGtHqVZHJ3yIufbWLsg,4,,
450,Murray’s Cheese Bar,http://www.nytimes.com/2013/01/09/dining/reviews/hungry-city-murrays-cheese-bar-in-greenwich-village.html?rref=collection%2Fcollection%2Frestaurant-guide,rlp1_EyRynmIDlJClhRNlQ,3.5,,
451,Bistro SK,http://www.nytimes.com/2012/12/26/dining/hungry-city-bistro-sk-in-city-island.html?rref=collection%2Fcollection%2Frestaurant-guide,KZq5VsNf2yAaUTMIBGDa9Q,3.5,,
452,Barclays Center,http://www.nytimes.com/2012/12/12/dining/reviews/hungry-city-barclays-center-in-downtown-brooklyn.html?rref=collection%2Fcollection%2Frestaurant-guide,Ck09FempamAKGSPsV_bX-A,4.5,,
453,Royal Seafood Restaurant,http://www.nytimes.com/2012/12/12/dining/reviews/restaurant-review-royal-seafood-restaurant-in-chinatown.html?rref=collection%2Fcollection%2Frestaurant-guide,jSUUcyV76hlCBAyHWAOm0w,4,,
454,La Tarte Flambée,http://www.nytimes.com/2012/12/05/dining/reviews/hungry-city-la-tarte-flambee-in-yorkville.html?rref=collection%2Fcollection%2Frestaurant-guide,Qn-qGoIkj-9uApdxb_VTeA,3.5,,
455,Moti Mahal Delux,http://www.nytimes.com/2012/12/05/dining/reviews/restaurant-review-moti-mahal-delux-in-manhattan.html?rref=collection%2Fcollection%2Frestaurant-guide,0LKC_M1bumyOcgWgbH9OdQ,4,,
456,Dirt Candy,http://www.nytimes.com/2012/11/28/dining/reviews/restaurant-review-dirt-candy-in-the-east-village.html?rref=collection%2Fcollection%2Frestaurant-guide,_LJFf9YqpYxvExTvVxb7Rw,4.5,,$$$$
457,Ducks Eatery,http://www.nytimes.com/2012/11/28/dining/reviews/hungry-city-ducks-eatery-in-the-east-village.html?rref=collection%2Fcollection%2Frestaurant-guide,SuceM1ue_-2pvHB0v3L5nQ,3.5,,$$$
458,M. Wells Dinette,http://www.nytimes.com/2012/11/21/dining/reviews/restaurant-review-m-wells-dinette-at-moma-ps1.html?rref=collection%2Fcollection%2Frestaurant-guide,-b3J-5K_beWyGxQ1Id7KQg,4,,
459,Ganso,http://www.nytimes.com/2012/11/14/dining/reviews/hungry-city-ganso-in-downtown-brooklyn.html?rref=collection%2Fcollection%2Frestaurant-guide,DOdamkEm9JWR9s6VH_NuOQ,4,,
460,Guy's American Kitchen & Bar,http://www.nytimes.com/2012/11/14/dining/reviews/restaurant-review-guys-american-kitchen-bar-in-times-square.html?rref=collection%2Fcollection%2Frestaurant-guide,nxTEuWKzkK1tCF4LrhFSUQ,4,,
461,Gran Eléctrica,http://www.nytimes.com/2012/11/07/dining/reviews/hungry-city-gran-electrica-in-dumbo-brooklyn.html?rref=collection%2Fcollection%2Frestaurant-guide,pasWmob-dg6RkqETkO7RWA,3.5,,
462,Talde,http://www.nytimes.com/2012/10/31/dining/reviews/restaurant-review-talde-in-park-slope.html?rref=collection%2Fcollection%2Frestaurant-guide,0vvNgHCp9QsoYuMdWfinaw,3.5,,$$$
463,'21' Club,http://www.nytimes.com/2012/10/24/dining/reviews/restaurant-review-21-club-in-manhattan.html?rref=collection%2Fcollection%2Frestaurant-guide,NO39sbbqugt1UdvOAQtmPg,3.5,,
464,Blue Collar,http://www.nytimes.com/2012/10/24/dining/reviews/hungry-city-blue-collar-and-lake-trout-in-williamsburg.html?rref=collection%2Fcollection%2Frestaurant-guide,LXigh7JsonGgGR80THcCqA,4,,
465,Lake Trout,http://www.nytimes.com/2012/10/24/dining/reviews/hungry-city-blue-collar-and-lake-trout-in-williamsburg.html?rref=collection%2Fcollection%2Frestaurant-guide,6vEOMyq9Zb7QVqBecvgY_A,4,,
466,Phayul,http://www.nytimes.com/2012/10/10/dining/reviews/hungry-city-phayul-in-jackson-heights.html?rref=collection%2Fcollection%2Frestaurant-guide,v--4s91RgyWUdWvMH2QZHw,4,,
467,Blue Ribbon Sushi Izakaya,http://www.nytimes.com/2012/10/03/dining/reviews/hungry-city-blue-ribbon-sushi-izakaya-in-the-lower-east-side.html?rref=collection%2Fcollection%2Frestaurant-guide,7YJxZAvMxB-oVZfHAuvBmw,4.5,,
468,Bobwhite Lunch & Supper Counter,http://www.nytimes.com/2012/09/19/dining/reviews/bobwhite-lunch-and-supper-counter-in-alphabet-city.html?rref=collection%2Fcollection%2Frestaurant-guide,hNuUeaRhR1sI_ZRrZsfSzQ,3.5,,$$
469,Amáli,http://www.nytimes.com/2012/09/12/dining/reviews/amali-in-manhattan.html?rref=collection%2Fcollection%2Frestaurant-guide,wSGZA3DOFSUvALZRKCM_Sw,4.5,,
470,Nougatine at Jean Georges,http://www.nytimes.com/2012/09/05/dining/reviews/nougatine-at-jean-georges-in-manhattan.html?rref=collection%2Fcollection%2Frestaurant-guide,CQZ6_kzHB2MVSI7cIzZEFQ,3,,
471,Ni Japanese Delicacies,http://www.nytimes.com/2012/08/29/dining/reviews/ni-japanese-delicacies-hungry-city.html?rref=collection%2Fcollection%2Frestaurant-guide,y9hWXCnewh7xmSk2YUl0Ew,4,,
472,Rosemary's,http://www.nytimes.com/2012/08/29/dining/reviews/rosemarys-in-greenwich-village.html?rref=collection%2Fcollection%2Frestaurant-guide,1UqrqRx_35w87pQeg17Gqg,3.5,,
473,La Vara,https://www.nytimes.com/2012/08/22/dining/reviews/la-vara-in-cobble-hill-brooklyn-restaurant-review.html?rref=collection%2Fcollection%2Frestaurant-guide,N8Y9fFwPprct8fBQEceG9g,4.5,,
474,Biang!,http://www.nytimes.com/2012/08/15/dining/reviews/biang-nyc-restaurant-review.html?rref=collection%2Fcollection%2Frestaurant-guide,cbmFrZrQ6OlhmJPVsFlHjQ,4,,
475,Brooklyn Crab,http://www.nytimes.com/2012/08/15/dining/reviews/reviewing-3-seafood-shacks-claw-grey-lady-and-brooklyn-crab-hungry-city.html?rref=collection%2Fcollection%2Frestaurant-guide,Y33XuEV_ht25tXv7SZPKKQ,4,,
476,Grey Lady,http://www.nytimes.com/2012/08/15/dining/reviews/reviewing-3-seafood-shacks-claw-grey-lady-and-brooklyn-crab-hungry-city.html?rref=collection%2Fcollection%2Frestaurant-guide,JOr11q2DKWezsDNTTTtS8A,3.5,,
477,Fisherman's Dawta,http://www.nytimes.com/2012/08/08/dining/reviews/fishermans-dawta-in-boerum-hill-brooklyn-hungry-city.html?rref=collection%2Fcollection%2Frestaurant-guide,bK-Y2zCIMolqRDHsaYUCWA,3,,
478,Nicoletta,http://www.nytimes.com/2012/08/08/dining/reviews/nicoletta-nyc-restaurant-review.html?rref=collection%2Fcollection%2Frestaurant-guide,21y8cakUmhd3g13nh0cq9g,4.5,,
479,Foragers City Table,http://www.nytimes.com/2012/08/01/dining/reviews/foragers-city-table-in-chelsea-restaurant-review.html?rref=collection%2Fcollection%2Frestaurant-guide,7USPKYeaAfxl0Ch9j_1l7A,4,,
480,Reynard,http://www.nytimes.com/2012/08/01/dining/reviews/reynard-in-williamsburg-brooklyn-restaurant-review.html?rref=collection%2Fcollection%2Frestaurant-guide,j0Q-yyxS2WiL3foCJEV4eg,4,,
481,Mexicocina,http://www.nytimes.com/2012/07/25/dining/reviews/mexicocina-in-the-south-bronx-restaurant-review.html?rref=collection%2Fcollection%2Frestaurant-guide,E6Y4ICdoqtYkFilRLfrOHA,4,,
482,Atera,http://www.nytimes.com/2012/07/18/dining/reviews/atera-in-tribeca.html?rref=collection%2Fcollection%2Frestaurant-guide,-78KGJqSFFNnlN6B0ptung,4,,
483,Clyde Frazier's Wine and Dine,http://www.nytimes.com/2012/07/18/dining/reviews/clyde-fraziers-wine-and-dine-hungry-city.html?rref=collection%2Fcollection%2Frestaurant-guide,vRrVSB-LegwUwIxpkeRVtQ,4.5,,
484,Almayass,http://www.nytimes.com/2012/07/11/dining/reviews/almayass-in-manhattan-restaurant-review.html?rref=collection%2Fcollection%2Frestaurant-guide,aAse88crP7lBNMRJk-oWiA,3.5,,
485,Mile End Sandwich,http://www.nytimes.com/2012/07/11/dining/reviews/mile-end-sandwich-a-new-jewish-deli-in-manhattan-hungry-city.html?rref=collection%2Fcollection%2Frestaurant-guide,w_0gzJLcEcZcD3j6pjwxtQ,3,,
486,Hill Country Barbecue Market,http://www.nytimes.com/2012/07/04/dining/reviews/hill-country-barbecue-market-nyc-restaurant-review.html?rref=collection%2Fcollection%2Frestaurant-guide,f7g3GhoQs9nQVTJEL2p48Q,3.5,,
487,Hot Kitchen,http://www.nytimes.com/2012/07/04/dining/reviews/hot-kitchen-hits-the-sweat-spot-hungry-city.html?rref=collection%2Fcollection%2Frestaurant-guide,QGvOaL14mWte55v71i3PIQ,3.5,,
488,Pok Pok Ny,http://www.nytimes.com/2012/06/27/dining/reviews/pok-pok-ny-brooklyn-restaurant-review.html?rref=collection%2Fcollection%2Frestaurant-guide,RSGqAGFmgfoVssOBfkldXA,3.5,,
489,Yopparai,http://www.nytimes.com/2012/06/27/dining/reviews/yopparai-a-sake-bar-on-the-lower-east-side-serves-just-30-hungry-city.html?rref=collection%2Fcollection%2Frestaurant-guide,CgIQAtAqafmU_ep9wHW81w,3.5,,
490,Battersby,http://www.nytimes.com/2012/06/20/dining/reviews/battersby-restaurant-thrives-on-smith-street-in-cobble-hill-brooklyn-hungry-city.html?rref=collection%2Fcollection%2Frestaurant-guide,Dl7V50kmimfIe13K35q50g,4,,$
491,The NoMad,http://www.nytimes.com/2012/06/20/dining/reviews/the-nomad-in-new-york.html?rref=collection%2Fcollection%2Frestaurant-guide,E1NbrEDNxq_cl39sMfxX5A,4,,
492,Hakkasan New York,http://www.nytimes.com/2012/06/13/dining/reviews/hakkasan-new-york-in-midtown.html?rref=collection%2Fcollection%2Frestaurant-guide,TeBthQZ2xpxyvXheS08ovw,4,,
493,Catch,http://www.nytimes.com/2012/06/06/dining/reviews/restaurant-review-catch-in-meatpacking-district.html?rref=collection%2Fcollection%2Frestaurant-guide,nD7Hcq5aaCASbWzc0-Sg3A,4.5,,
494,Neta,http://www.nytimes.com/2012/06/06/dining/reviews/restaurant-review-neta-in-greenwich-village.html?rref=collection%2Fcollection%2Frestaurant-guide,Tp3MF3DNXuW41A10PQ2nFw,4,,
495,Bar Corvo,http://www.nytimes.com/2012/05/30/dining/reviews/bar-corvo-in-crown-heights-brooklyn.html?rref=collection%2Fcollection%2Frestaurant-guide,xEDD2ScBU3jHhWxlMC7dkQ,4,,
496,Anjappar,http://www.nytimes.com/2012/05/23/dining/reviews/restaurant-review-anjappar-in-murray-hill.html?rref=collection%2Fcollection%2Frestaurant-guide,4qtJ_u-7-73ts5UPa6NBmA,4.5,,
497,Le Bernardin,http://www.nytimes.com/2012/05/23/dining/reviews/le-bernardin-in-midtown-manhattan.html?rref=collection%2Fcollection%2Frestaurant-guide,Cnqy9w1BFXZFEaChfox0ow,3.5,,
499,606 R & D,http://www.nytimes.com/2012/05/09/dining/reviews/606-rd-brooklyn-restaurant-review.html?rref=collection%2Fcollection%2Frestaurant-guide,b51h6u18L5hEVj9mydfY3w,4,,$$
500,Cafe China,http://www.nytimes.com/2012/05/02/dining/reviews/cafe-china-in-midtown.html?rref=collection%2Fcollection%2Frestaurant-guide,_eC8r8yMhcmDL7PWmaNK9w,3,,
501,David's Brisket House,http://www.nytimes.com/2012/05/02/dining/reviews/davids-brisket-house-nyc-restaurant-review.html?rref=collection%2Fcollection%2Frestaurant-guide,fJdfXAVAKpNI-GoLA6U3Lg,3.5,,
502,Socarrat,http://www.nytimes.com/2012/04/25/dining/reviews/la-churreria-nyc-restaurant-review.html?rref=collection%2Fcollection%2Frestaurant-guide,xeSYZoDgb2JhPC8YCv5BkA,4,,
503,Alison Eighteen,http://www.nytimes.com/2012/04/18/dining/reviews/alison-eighteen-in-manhattan.html?rref=collection%2Fcollection%2Frestaurant-guide,id_xB0Gr_UMb_WQLJSjTtQ,3.5,,
504,Kyo Ya,http://www.nytimes.com/2012/04/11/dining/reviews/kyo-ya-nyc-restaurant-review.html?rref=collection%2Fcollection%2Frestaurant-guide,qMHzIYzoHYe55I7L65iEQw,4,,
505,Pera Soho,http://www.nytimes.com/2012/04/11/dining/reviews/pera-soho-nyc-restaurant-review.html?rref=collection%2Fcollection%2Frestaurant-guide,dHFI6gF6P3egnQUSHUNIBg,3.5,,
506,Speedy Romeo,http://www.nytimes.com/2012/04/11/dining/reviews/speedy-romeo-nyc-restaurant-review.html?rref=collection%2Fcollection%2Frestaurant-guide,YYB2lPax5wAdeNWUcm5WAg,4,,
507,Cochinita,http://www.nytimes.com/2012/03/28/dining/reviews/cochinita-nyc-restaurant-review.html?rref=collection%2Fcollection%2Frestaurant-guide,rZIMlQ76I0mXL8uNii_wVg,4.5,,
508,Rucola,http://www.nytimes.com/2012/03/28/dining/rucola-nyc-restaurant-review.html?rref=collection%2Fcollection%2Frestaurant-guide,ygl43IfAeM8X4XYlSTr90w,3.5,,
509,Acme,http://www.nytimes.com/2012/03/14/dining/reviews/acme-signals-the-arrival-of-new-nordic-cuisine.html?rref=collection%2Fcollection%2Frestaurant-guide,mYxM36oYE0C-STDVV50SWg,4,,
510,RedFarm,http://www.nytimes.com/2012/03/07/dining/reviews/redfarm-in-the-west-village-turns-up-the-flavors.html?rref=collection%2Fcollection%2Frestaurant-guide,12anHG0qFlw8Jkb99RX3Mg,3.5,,
511,Jungsik,http://www.nytimes.com/2012/02/29/dining/reviews/jungsik-intribeca-reinterprets-korean-cuisine.html?rref=collection%2Fcollection%2Frestaurant-guide,NlsxuhV6CUONOyI7xk7-mw,3.5,,
512,Ngam,http://www.nytimes.com/2012/02/29/dining/reviews/ngams-modern-thai-food-stays-true-to-traditional-flavors.html?rref=collection%2Fcollection%2Frestaurant-guide,9v-JAffC6qw8Xp67BICByQ,3.5,,
513,Allswell,http://www.nytimes.com/2012/02/22/dining/reviews/allswell-nyc-restaurant-review.html?rref=collection%2Fcollection%2Frestaurant-guide,mm6DDvU8GZD__3bTY9rA5Q,3.5,,
514,Caffébene,http://www.nytimes.com/2012/02/22/dining/reviews/caffebene-nyc-restaurant-review.html?rref=collection%2Fcollection%2Frestaurant-guide,kN3rkbjvqkY62CDRYUVz4g,4.5,,
515,Shake Shack,http://www.nytimes.com/2012/02/22/dining/reviews/shake-shack-struggles-with-inconsistency.html?rref=collection%2Fcollection%2Frestaurant-guide,77-Sk9wXLi5Ii5M3Drf4rQ,4,,
516,Il Buco Alimentari e Vineria,http://www.nytimes.com/2012/02/15/dining/reviews/il-buco-alimentari-e-vineria-nyc-restaurant-review.html?rref=collection%2Fcollection%2Frestaurant-guide,1z5Nu66M6W8mk5Ap4osZwA,4,,
517,Machiavelli,http://www.nytimes.com/2012/02/15/dining/reviews/machiavelli-nyc-restaurant-review.html?rref=collection%2Fcollection%2Frestaurant-guide,rEbwps11tIERRkwQrIXQog,3.5,,
518,Butcher Bar,http://www.nytimes.com/2012/02/08/dining/reviews/butcher-bar-nyc-restaurant-review.html?rref=collection%2Fcollection%2Frestaurant-guide,7VqMGK9uwi0vKqOjdKyIUA,3,,
519,Kutsher's Tribeca,http://www.nytimes.com/2012/02/08/dining/reviews/kutshers-tribeca-nyc-restaurant-review.html?rref=collection%2Fcollection%2Frestaurant-guide,8NDTQb7JLHd4r0yDmpzjUA,4,,
520,Crown,http://www.nytimes.com/2012/02/01/dining/crown-nyc-restaurant-review.html?rref=collection%2Fcollection%2Frestaurant-guide,aBDZ4XpYYDW_avU6IBWDkg,4,,$$
521,Parm,http://www.nytimes.com/2012/01/25/dining/reviews/parm-restaurant-review-nyc.html?rref=collection%2Fcollection%2Frestaurant-guide,o5sUOmtzcHAeSWtUuFJ00g,3,,
522,The Shanty,http://www.nytimes.com/2012/01/25/dining/reviews/the-shanty-nyc-bar-review.html?rref=collection%2Fcollection%2Frestaurant-guide,vRrVSB-LegwUwIxpkeRVtQ,4.5,,
523,Littleneck,http://www.nytimes.com/2012/01/18/dining/reviews/littleneck-and-sea-witch-nyc-restaurant-review.html?rref=collection%2Fcollection%2Frestaurant-guide,TkBJW-GIJF_6wW1OG3i-8A,3.5,,
524,Sea Witch,http://www.nytimes.com/2012/01/18/dining/reviews/littleneck-and-sea-witch-nyc-restaurant-review.html?rref=collection%2Fcollection%2Frestaurant-guide,D6sXEEqFskrLplQsWdg,3.5,,$$
525,Corkbuzz Wine Studio,http://www.nytimes.com/2012/01/11/dining/reviews/corkbuzz-wine-studio-nyc-restaurant-review.html?rref=collection%2Fcollection%2Frestaurant-guide,xq0cX_DgxiJMXwhmEl9kUA,4,,
526,Onegin,http://www.nytimes.com/2012/01/11/dining/reviews/onegin-nyc-restaurant-review.html?rref=collection%2Fcollection%2Frestaurant-guide,Kg1OqaEPNFFL5FuqnALdWQ,4.5,,
